Protein,Gene,Description,Representative,CleavageSite,P10,P10',PSM,PSM_unique,#Peps,Peps,#Samples,TargetP_pred,TargetP_CS,TargetP_prob,dataset,cleavage_site,psm,samples,peptide,start,end,weight
Q9SR37,BGLU23,Beta-glucosidase 23,1,20,GLLLLLTIVA,SPANADGPVC,16,16,1,SPANADGPVCPPSNK;,11,SP,25,0.9468,Semitryptome,20,16,11,SPANADGPVCPPSNK,20,34,16
O04314,PBP1,PYK10-binding protein 1,1,2,__________M,AQKVEAQGGK,112,112,1,A[42.01]QKVEAQGGK;,63,noTP,NA,NA,Semitryptome,2,112,63,AQKVEAQGGK,2,11,112
Q9SR37,BGLU23,Beta-glucosidase 23,1,22,LLLLTIVASP,ANADGPVCPP,7,7,1,ANADGPVCPPSNK;,6,SP,25,0.9468,Semitryptome,22,7,6,ANADGPVCPPSNK,22,34,7
Q9SR37,BGLU23,Beta-glucosidase 23,1,23,LLLTIVASPA,NADGPVCPPS,11,11,1,NADGPVCPPSNK;,9,SP,25,0.9468,Semitryptome,23,11,9,NADGPVCPPSNK,23,34,11
Q8LEB6,At5g18500,Probable receptor-like protein kinase At5g18500,1,2,__________M,GSGLNDTLSR,13,13,1,GSGLNDTLSR;,13,noTP,NA,NA,Semitryptome,2,13,13,GSGLNDTLSR,2,11,13
Q9SR37,BGLU23,Beta-glucosidase 23,1,25,LTIVASPANA,DGPVCPPSNK,350,350,2,DGPVCPPSNK;DGPVCPPSNKLSR;,105,SP,25,0.9468,Semitryptome,25,350,105,DGPVCPPSNK,25,34,350
Q9SR37,BGLU23,Beta-glucosidase 23,1,26,TIVASPANAD,GPVCPPSNKL,11,11,1,GPVCPPSNK;,6,SP,25,0.9468,Semitryptome,26,11,6,GPVCPPSNK,26,34,11
Q9SR37,BGLU23,Beta-glucosidase 23,1,27,IVASPANADG,PVCPPSNKLS,17,17,1,PVCPPSNK;,10,SP,25,0.9468,Semitryptome,27,17,10,PVCPPSNK,27,34,17
O04313,PBP2,PYK10-binding protein 2,1,2,__________M,AQKVEAKGGK,5,5,1,A[42.01]QKVEAK;,5,noTP,NA,NA,Semitryptome,2,5,5,AQKVEAK,2,8,5
Q9SR37,BGLU23,Beta-glucosidase 23,1,47,RASFPEGFLF,GTATAAYQVE,2,2,1,GTATAAYQVEGAINETCR;,1,SP,25,0.9468,Semitryptome,47,2,1,GTATAAYQVEGAINETCR,47,64,2
Q9SR37,BGLU23,Beta-glucosidase 23,1,48,ASFPEGFLFG,TATAAYQVEG,2,2,1,TATAAYQVEGAINETCR;,1,SP,25,0.9468,Semitryptome,48,2,1,TATAAYQVEGAINETCR,48,64,2
O04314,PBP1,PYK10-binding protein 1,1,9,__MAQKVEAQ,GGKGANLWDD,2,2,1,G[42.01]GKGANLWDDGSTHDAVTK;,1,noTP,NA,NA,Semitryptome,9,2,1,GGKGANLWDDGSTHDAVTK,9,27,2
O04314,PBP1,PYK10-binding protein 1,1,15,VEAQGGKGAN,LWDDGSTHDA,39,39,1,LWDDGSTHDAVTK;,23,noTP,NA,NA,Semitryptome,15,39,23,LWDDGSTHDAVTK,15,27,39
O04314,PBP1,PYK10-binding protein 1,1,16,EAQGGKGANL,WDDGSTHDAV,28,28,1,WDDGSTHDAVTK;,13,noTP,NA,NA,Semitryptome,16,28,13,WDDGSTHDAVTK,16,27,28
O04314,PBP1,PYK10-binding protein 1,1,14,KVEAQGGKGA,NLWDDGSTHD,21,21,1,NLWDDGSTHDAVTK;,9,noTP,NA,NA,Semitryptome,14,21,9,NLWDDGSTHDAVTK,14,27,21
O04314,PBP1,PYK10-binding protein 1,1,24,NLWDDGSTHD,AVTKIQLAAG,18,18,1,GANLWDDGSTHD;,13,noTP,NA,NA,Semitryptome,24,18,13,GANLWDDGSTHD,24,35,18
O04314,PBP1,PYK10-binding protein 1,1,13,QKVEAQGGKG,ANLWDDGSTH,13,13,2,A[42.01]NLWDDGSTHDAVTK;ANLWDDGSTHDAVTK;,10,noTP,NA,NA,Semitryptome,13,13,10,ANLWDDGSTHDAVTK,13,27,13
O04314,PBP1,PYK10-binding protein 1,1,17,AQGGKGANLW,DDGSTHDAVT,5,5,1,DDGSTHDAVTK;,4,noTP,NA,NA,Semitryptome,17,5,4,DDGSTHDAVTK,17,27,5
O04314,PBP1,PYK10-binding protein 1,1,18,QGGKGANLWD,DGSTHDAVTK,4,4,1,DGSTHDAVTK;,4,noTP,NA,NA,Semitryptome,18,4,4,DGSTHDAVTK,18,27,4
Q9SR37,BGLU23,Beta-glucosidase 23,1,66,EGAINETCRG,PALWDIYCRR,16,0,1,PALWDIYCR;,4,SP,25,0.9468,Semitryptome,66,16,4,PALWDIYCR,66,74,16
Q9SR37,BGLU23,Beta-glucosidase 23,1,67,GAINETCRGP,ALWDIYCRRY,4,0,1,ALWDIYCR;,3,SP,25,0.9468,Semitryptome,67,4,3,ALWDIYCR,67,74,4
O04313,PBP2,PYK10-binding protein 2,1,165,ALGSDDGTAW,DDGAYVGVKK,43,0,2,DDGAYVGVKK;DDGAYVGVK;,23,noTP,NA,NA,Semitryptome,165,43,23,DDGAYVGVKK,165,174,43
O04313,PBP2,PYK10-binding protein 2,1,166,LGSDDGTAWD,DGAYVGVKKV,13,0,2,DGAYVGVKK;DGAYVGVK;,7,noTP,NA,NA,Semitryptome,166,13,7,DGAYVGVKK,166,174,13
O04313,PBP2,PYK10-binding protein 2,1,158,TPAKPLPALG,SDDGTAWDDG,7,7,1,SDDGTAWDDGAYVGVK;,5,noTP,NA,NA,Semitryptome,158,7,5,SDDGTAWDDGAYVGVK,158,173,7
O04313,PBP2,PYK10-binding protein 2,1,157,LTPAKPLPAL,GSDDGTAWDD,3,3,1,GSDDGTAWDDGAYVGVK;,2,noTP,NA,NA,Semitryptome,157,3,2,GSDDGTAWDDGAYVGVK,157,173,3
O04313,PBP2,PYK10-binding protein 2,1,156,PLTPAKPLPA,LGSDDGTAWD,2,2,1,LGSDDGTAWDDGAYVGVK;,2,noTP,NA,NA,Semitryptome,156,2,2,LGSDDGTAWDDGAYVGVK,156,173,2
O04313,PBP2,PYK10-binding protein 2,1,177,GAYVGVKKVY,VGQAQDGISA,34,0,1,VGQAQDGISAVK;,22,noTP,NA,NA,Semitryptome,177,34,22,VGQAQDGISAVK,177,188,34
O04313,PBP2,PYK10-binding protein 2,1,179,YVGVKKVYVG,QAQDGISAVK,14,0,2,Q[-17.03]AQDGISAVK;QAQDGISAVK;,9,noTP,NA,NA,Semitryptome,179,14,9,QAQDGISAVK,179,188,14
O04313,PBP2,PYK10-binding protein 2,1,178,AYVGVKKVYV,GQAQDGISAV,13,0,1,GQAQDGISAVK;,8,noTP,NA,NA,Semitryptome,178,13,8,GQAQDGISAVK,178,188,13
O04313,PBP2,PYK10-binding protein 2,1,176,DGAYVGVKKV,YVGQAQDGIS,9,0,1,YVGQAQDGISAVK;,7,noTP,NA,NA,Semitryptome,176,9,7,YVGQAQDGISAVK,176,188,9
O04313,PBP2,PYK10-binding protein 2,1,186,YVGQAQDGIS,AVKFVYDKSP,7,0,2,KVYVGQAQDGIS;VYVGQAQDGIS;,5,noTP,NA,NA,Semitryptome,186,7,5,KVYVGQAQDGIS,186,197,7
O04313,PBP2,PYK10-binding protein 2,1,187,VGQAQDGISA,VKFVYDKSPE,5,0,2,VYVGQAQDGISA;KVYVGQAQDGISA;,4,noTP,NA,NA,Semitryptome,187,5,4,VYVGQAQDGISA,187,198,5
O04313,PBP2,PYK10-binding protein 2,1,183,KKVYVGQAQD,GISAVKFVYD,4,0,1,KVYVGQAQD;,2,noTP,NA,NA,Semitryptome,183,4,2,KVYVGQAQD,183,191,4
O04313,PBP2,PYK10-binding protein 2,1,188,GQAQDGISAV,KFVYDKSPEE,3,0,1,KVYVGQAQDGISAV;,1,noTP,NA,NA,Semitryptome,188,3,1,KVYVGQAQDGISAV,188,201,3
O04313,PBP2,PYK10-binding protein 2,1,48,QYIQFDYVKN,GQTEQTPLRG,2,2,1,GQTEQTPLR;,2,noTP,NA,NA,Semitryptome,48,2,2,GQTEQTPLR,48,56,2
Q9SR37,BGLU23,Beta-glucosidase 23,1,79,WDIYCRRYPE,RCNNDNGDVA,2,2,1,RCNNDNGDVAVDFFHR;,2,SP,25,0.9468,Semitryptome,79,2,2,RCNNDNGDVAVDFFHR,79,94,2
Q9SR37,BGLU23,Beta-glucosidase 23,1,81,IYCRRYPERC,NNDNGDVAVD,41,41,1,NNDNGDVAVDFFHR;,17,SP,25,0.9468,Semitryptome,81,41,17,NNDNGDVAVDFFHR,81,94,41
O04313,PBP2,PYK10-binding protein 2,1,193,GISAVKFVYD,KSPEEVTGEE,16,0,1,KSPEEVTGEEHGK;,10,noTP,NA,NA,Semitryptome,193,16,10,KSPEEVTGEEHGK,193,205,16
O04313,PBP2,PYK10-binding protein 2,1,192,DGISAVKFVY,DKSPEEVTGE,14,0,1,DKSPEEVTGEEHGK;,11,noTP,NA,NA,Semitryptome,192,14,11,DKSPEEVTGEEHGK,192,205,14
O04313,PBP2,PYK10-binding protein 2,1,191,QDGISAVKFV,YDKSPEEVTG,9,0,1,YDKSPEEVTGEEHGK;,7,noTP,NA,NA,Semitryptome,191,9,7,YDKSPEEVTGEEHGK,191,205,9
O04313,PBP2,PYK10-binding protein 2,1,190,AQDGISAVKF,VYDKSPEEVT,2,0,1,VYDKSPEEVTGEEHGK;,2,noTP,NA,NA,Semitryptome,190,2,2,VYDKSPEEVTGEEHGK,190,205,2
O04313,PBP2,PYK10-binding protein 2,1,204,SPEEVTGEEH,GKSTLLGFEE,9,0,2,FVYDKSPEEVTGEEH;SPEEVTGEEH;,8,noTP,NA,NA,Semitryptome,204,9,8,FVYDKSPEEVTGEEH,204,218,9
O04313,PBP2,PYK10-binding protein 2,1,205,PEEVTGEEHG,KSTLLGFEEF,5,0,2,FVYDKSPEEVTGEEHG;SPEEVTGEEHG;,4,noTP,NA,NA,Semitryptome,205,5,4,FVYDKSPEEVTGEEHG,205,220,5
O04313,PBP2,PYK10-binding protein 2,1,201,YDKSPEEVTG,EEHGKSTLLG,3,0,1,FVYDKSPEEVTG;,2,noTP,NA,NA,Semitryptome,201,3,2,FVYDKSPEEVTG,201,212,3
O04313,PBP2,PYK10-binding protein 2,1,203,KSPEEVTGEE,HGKSTLLGFE,3,0,1,FVYDKSPEEVTGEE;,1,noTP,NA,NA,Semitryptome,203,3,1,FVYDKSPEEVTGEE,203,216,3
O04313,PBP2,PYK10-binding protein 2,1,202,DKSPEEVTGE,EHGKSTLLGF,3,0,1,FVYDKSPEEVTGE;,2,noTP,NA,NA,Semitryptome,202,3,2,FVYDKSPEEVTGE,202,214,3
O04313,PBP2,PYK10-binding protein 2,1,195,SAVKFVYDKS,PEEVTGEEHG,2,0,1,PEEVTGEEHGK;,2,noTP,NA,NA,Semitryptome,195,2,2,PEEVTGEEHGK,195,205,2
O04314,PBP1,PYK10-binding protein 1,1,31,THDAVTKIQL,AAGIDGIQYV,11,11,1,AAGIDGIQYVQFDYVK;,9,noTP,NA,NA,Semitryptome,31,11,9,AAGIDGIQYVQFDYVK,31,46,11
O04314,PBP1,PYK10-binding protein 1,1,36,TKIQLAAGID,GIQYVQFDYV,10,10,1,GIQYVQFDYVK;,5,noTP,NA,NA,Semitryptome,36,10,5,GIQYVQFDYVK,36,46,10
O04314,PBP1,PYK10-binding protein 1,1,32,HDAVTKIQLA,AGIDGIQYVQ,9,9,1,AGIDGIQYVQFDYVK;,6,noTP,NA,NA,Semitryptome,32,9,6,AGIDGIQYVQFDYVK,32,46,9
O04314,PBP1,PYK10-binding protein 1,1,30,STHDAVTKIQ,LAAGIDGIQY,6,6,1,LAAGIDGIQYVQFDYVK;,3,noTP,NA,NA,Semitryptome,30,6,3,LAAGIDGIQYVQFDYVK,30,46,6
O04314,PBP1,PYK10-binding protein 1,1,33,DAVTKIQLAA,GIDGIQYVQF,5,5,1,GIDGIQYVQFDYVK;,4,noTP,NA,NA,Semitryptome,33,5,4,GIDGIQYVQFDYVK,33,46,5
O04314,PBP1,PYK10-binding protein 1,1,50,VQFDYVKNGQ,PEQAPLRGTK,17,17,1,PEQAPLRGTK;,7,noTP,NA,NA,Semitryptome,50,17,7,PEQAPLRGTK,50,59,17
O04314,PBP1,PYK10-binding protein 1,1,49,YVQFDYVKNG,QPEQAPLRGT,16,16,4,Q[-17.03]PEQAPLRGTK;QPEQAPLRGTK;Q[-17.03]PEQAPLR;QPEQAPLR;,13,noTP,NA,NA,Semitryptome,49,16,13,QPEQAPLRGTK,49,59,16
O04314,PBP1,PYK10-binding protein 1,1,48,QYVQFDYVKN,GQPEQAPLRG,6,6,1,GQPEQAPLRGTK;,5,noTP,NA,NA,Semitryptome,48,6,5,GQPEQAPLRGTK,48,59,6
O04314,PBP1,PYK10-binding protein 1,1,77,PFVINHPDEH,LVSVEGWYSP,15,15,2,LVSVEGWYSPEGIIQGIK;VLPADPFVINHPDEH;,13,noTP,NA,NA,Semitryptome,77,15,13,LVSVEGWYSPEGIIQGIK,77,94,15
O04314,PBP1,PYK10-binding protein 1,1,69,KGRVLPADPF,VINHPDEHLV,12,12,1,VINHPDEHLVSVEGWYSPEGIIQGIK;,11,noTP,NA,NA,Semitryptome,69,12,11,VINHPDEHLVSVEGWYSPEGIIQGIK,69,94,12
O04314,PBP1,PYK10-binding protein 1,1,67,GTKGRVLPAD,PFVINHPDEH,9,9,1,PFVINHPDEHLVSVEGWYSPEGIIQGIK;,5,noTP,NA,NA,Semitryptome,67,9,5,PFVINHPDEHLVSVEGWYSPEGIIQGIK,67,94,9
O04314,PBP1,PYK10-binding protein 1,1,75,ADPFVINHPD,EHLVSVEGWY,7,7,2,VLPADPFVINHPD;EHLVSVEGWYSPEGIIQGIK;,5,noTP,NA,NA,Semitryptome,75,7,5,VLPADPFVINHPD,75,87,7
O04314,PBP1,PYK10-binding protein 1,1,78,FVINHPDEHL,VSVEGWYSPE,5,5,2,VLPADPFVINHPDEHL;GRVLPADPFVINHPDEHL;,3,noTP,NA,NA,Semitryptome,78,5,3,VLPADPFVINHPDEHL,78,93,5
O04314,PBP1,PYK10-binding protein 1,1,85,EHLVSVEGWY,SPEGIIQGIK,4,4,2,VLPADPFVINHPDEHLVSVEGWY;SPEGIIQGIK;,4,noTP,NA,NA,Semitryptome,85,4,4,VLPADPFVINHPDEHLVSVEGWY,85,107,4
O04314,PBP1,PYK10-binding protein 1,1,73,LPADPFVINH,PDEHLVSVEG,3,3,1,VLPADPFVINH;,3,noTP,NA,NA,Semitryptome,73,3,3,VLPADPFVINH,73,83,3
O04314,PBP1,PYK10-binding protein 1,1,86,HLVSVEGWYS,PEGIIQGIKF,3,3,1,PEGIIQGIK;,3,noTP,NA,NA,Semitryptome,86,3,3,PEGIIQGIK,86,94,3
O04314,PBP1,PYK10-binding protein 1,1,72,VLPADPFVIN,HPDEHLVSVE,3,3,1,HPDEHLVSVEGWYSPEGIIQGIK;,2,noTP,NA,NA,Semitryptome,72,3,2,HPDEHLVSVEGWYSPEGIIQGIK,72,94,3
O04314,PBP1,PYK10-binding protein 1,1,79,VINHPDEHLV,SVEGWYSPEG,2,2,1,SVEGWYSPEGIIQGIK;,1,noTP,NA,NA,Semitryptome,79,2,1,SVEGWYSPEGIIQGIK,79,94,2
O04314,PBP1,PYK10-binding protein 1,1,83,PDEHLVSVEG,WYSPEGIIQG,2,2,1,WYSPEGIIQGIK;,2,noTP,NA,NA,Semitryptome,83,2,2,WYSPEGIIQGIK,83,94,2
O04314,PBP1,PYK10-binding protein 1,1,84,DEHLVSVEGW,YSPEGIIQGI,2,2,1,VLPADPFVINHPDEHLVSVEGW;,2,noTP,NA,NA,Semitryptome,84,2,2,VLPADPFVINHPDEHLVSVEGW,84,105,2
O04314,PBP1,PYK10-binding protein 1,1,82,HPDEHLVSVE,GWYSPEGIIQ,2,2,1,VLPADPFVINHPDEHLVSVE;,2,noTP,NA,NA,Semitryptome,82,2,2,VLPADPFVINHPDEHLVSVE,82,101,2
O04314,PBP1,PYK10-binding protein 1,1,58,GQPEQAPLRG,TKGRVLPADP,2,2,1,NGQPEQAPLRG;,2,noTP,NA,NA,Semitryptome,58,2,2,NGQPEQAPLRG,58,68,2
O04314,PBP1,PYK10-binding protein 1,1,106,ISNKKTSDVI,GSDEGTHFTL,34,34,1,GSDEGTHFTLQVK;,18,noTP,NA,NA,Semitryptome,106,34,18,GSDEGTHFTLQVK,106,118,34
O04314,PBP1,PYK10-binding protein 1,1,105,FISNKKTSDV,IGSDEGTHFT,25,25,1,IGSDEGTHFTLQVK;,16,noTP,NA,NA,Semitryptome,105,25,16,IGSDEGTHFTLQVK,105,118,25
O04314,PBP1,PYK10-binding protein 1,1,114,VIGSDEGTHF,TLQVKDKKII,19,19,1,TSDVIGSDEGTHF;,15,noTP,NA,NA,Semitryptome,114,19,15,TSDVIGSDEGTHF,114,126,19
O04314,PBP1,PYK10-binding protein 1,1,103,IKFISNKKTS,DVIGSDEGTH,13,13,1,DVIGSDEGTHFTLQVK;,5,noTP,NA,NA,Semitryptome,103,13,5,DVIGSDEGTHFTLQVK,103,118,13
O04314,PBP1,PYK10-binding protein 1,1,113,DVIGSDEGTH,FTLQVKDKKI,13,13,1,TSDVIGSDEGTH;,10,noTP,NA,NA,Semitryptome,113,13,10,TSDVIGSDEGTH,113,124,13
O04314,PBP1,PYK10-binding protein 1,1,107,SNKKTSDVIG,SDEGTHFTLQ,11,11,1,SDEGTHFTLQVK;,7,noTP,NA,NA,Semitryptome,107,11,7,SDEGTHFTLQVK,107,118,11
O04314,PBP1,PYK10-binding protein 1,1,117,SDEGTHFTLQ,VKDKKIIGFH,11,11,1,TSDVIGSDEGTHFTLQ;,6,noTP,NA,NA,Semitryptome,117,11,6,TSDVIGSDEGTHFTLQ,117,132,11
O04314,PBP1,PYK10-binding protein 1,1,104,KFISNKKTSD,VIGSDEGTHF,10,10,1,VIGSDEGTHFTLQVK;,5,noTP,NA,NA,Semitryptome,104,10,5,VIGSDEGTHFTLQVK,104,118,10
O04314,PBP1,PYK10-binding protein 1,1,102,GIKFISNKKT,SDVIGSDEGT,6,6,1,SDVIGSDEGTHFTLQVK;,5,noTP,NA,NA,Semitryptome,102,6,5,SDVIGSDEGTHFTLQVK,102,118,6
O04314,PBP1,PYK10-binding protein 1,1,116,GSDEGTHFTL,QVKDKKIIGF,6,6,2,KTSDVIGSDEGTHFTL;TSDVIGSDEGTHFTL;,4,noTP,NA,NA,Semitryptome,116,6,4,KTSDVIGSDEGTHFTL,116,131,6
O04314,PBP1,PYK10-binding protein 1,1,111,TSDVIGSDEG,THFTLQVKDK,5,5,2,KTSDVIGSDEG;THFTLQVK;,4,noTP,NA,NA,Semitryptome,111,5,4,KTSDVIGSDEG,111,121,5
O04314,PBP1,PYK10-binding protein 1,1,109,KKTSDVIGSD,EGTHFTLQVK,2,2,1,EGTHFTLQVK;,2,noTP,NA,NA,Semitryptome,109,2,2,EGTHFTLQVK,109,118,2
Q9SR37,BGLU23,Beta-glucosidase 23,1,82,YCRRYPERCN,NDNGDVAVDF,27,27,1,NDNGDVAVDFFHR;,8,SP,25,0.9468,Semitryptome,82,27,8,NDNGDVAVDFFHR,82,94,27
Q9SR37,BGLU23,Beta-glucosidase 23,1,83,CRRYPERCNN,DNGDVAVDFF,9,9,1,DNGDVAVDFFHR;,7,SP,25,0.9468,Semitryptome,83,9,7,DNGDVAVDFFHR,83,94,9
Q9SR37,BGLU23,Beta-glucosidase 23,1,84,RRYPERCNND,NGDVAVDFFH,13,13,1,NGDVAVDFFHR;,9,SP,25,0.9468,Semitryptome,84,13,9,NGDVAVDFFHR,84,94,13
Q9SR37,BGLU23,Beta-glucosidase 23,1,85,RYPERCNNDN,GDVAVDFFHR,29,29,1,GDVAVDFFHR;,14,SP,25,0.9468,Semitryptome,85,29,14,GDVAVDFFHR,85,94,29
Q9SR37,BGLU23,Beta-glucosidase 23,1,86,YPERCNNDNG,DVAVDFFHRY,3,0,1,DVAVDFFHR;,3,SP,25,0.9468,Semitryptome,86,3,3,DVAVDFFHR,86,94,3
O04314,PBP1,PYK10-binding protein 1,1,225,EFVLDYPSEY,ITAVDGTYDK,13,13,1,ITAVDGTYDK;,12,noTP,NA,NA,Semitryptome,225,13,12,ITAVDGTYDK,225,234,13
O04314,PBP1,PYK10-binding protein 1,1,217,KSTLLGFEEF,VLDYPSEYIT,12,12,1,VLDYPSEYITAVDGTYDK;,7,noTP,NA,NA,Semitryptome,217,12,7,VLDYPSEYITAVDGTYDK,217,234,12
O04314,PBP1,PYK10-binding protein 1,1,220,LLGFEEFVLD,YPSEYITAVD,9,9,1,YPSEYITAVDGTYDK;,7,noTP,NA,NA,Semitryptome,220,9,7,YPSEYITAVDGTYDK,220,234,9
O04314,PBP1,PYK10-binding protein 1,1,221,LGFEEFVLDY,PSEYITAVDG,9,9,2,PSEYITAVDGTYDK;PSEYITAVDGTYDKIFGSDGSVITMLR;,7,noTP,NA,NA,Semitryptome,221,9,7,PSEYITAVDGTYDK,221,234,9
O04314,PBP1,PYK10-binding protein 1,1,223,FEEFVLDYPS,EYITAVDGTY,4,4,1,EYITAVDGTYDK;,4,noTP,NA,NA,Semitryptome,223,4,4,EYITAVDGTYDK,223,234,4
O04314,PBP1,PYK10-binding protein 1,1,219,TLLGFEEFVL,DYPSEYITAV,2,2,1,DYPSEYITAVDGTYDK;,2,noTP,NA,NA,Semitryptome,219,2,2,DYPSEYITAVDGTYDK,219,234,2
O04314,PBP1,PYK10-binding protein 1,1,224,EEFVLDYPSE,YITAVDGTYD,2,2,1,YITAVDGTYDK;,2,noTP,NA,NA,Semitryptome,224,2,2,YITAVDGTYDK,224,234,2
O04314,PBP1,PYK10-binding protein 1,1,222,GFEEFVLDYP,SEYITAVDGT,2,2,1,SEYITAVDGTYDK;,2,noTP,NA,NA,Semitryptome,222,2,2,SEYITAVDGTYDK,222,234,2
O04314,PBP1,PYK10-binding protein 1,1,160,TPAKQLTAFG,SDDGTVWDDG,63,63,2,SDDGTVWDDGAYVGVKK;SDDGTVWDDGAYVGVK;,14,noTP,NA,NA,Semitryptome,160,63,14,SDDGTVWDDGAYVGVKK,160,176,63
O04314,PBP1,PYK10-binding protein 1,1,163,KQLTAFGSDD,GTVWDDGAYV,55,55,2,GTVWDDGAYVGVKK;GTVWDDGAYVGVK;,21,noTP,NA,NA,Semitryptome,163,55,21,GTVWDDGAYVGVKK,163,176,55
O04314,PBP1,PYK10-binding protein 1,1,167,AFGSDDGTVW,DDGAYVGVKK,43,0,2,DDGAYVGVK;DDGAYVGVKK;,23,noTP,NA,NA,Semitryptome,167,43,23,DDGAYVGVK,167,175,43
O04314,PBP1,PYK10-binding protein 1,1,157,TPLTPAKQLT,AFGSDDGTVW,33,33,2,AFGSDDGTVWDDGAYVGVKK;AFGSDDGTVWDDGAYVGVK;,12,noTP,NA,NA,Semitryptome,157,33,12,AFGSDDGTVWDDGAYVGVKK,157,176,33
O04314,PBP1,PYK10-binding protein 1,1,159,LTPAKQLTAF,GSDDGTVWDD,30,30,1,GSDDGTVWDDGAYVGVK;,18,noTP,NA,NA,Semitryptome,159,30,18,GSDDGTVWDDGAYVGVK,159,175,30
O04314,PBP1,PYK10-binding protein 1,1,164,QLTAFGSDDG,TVWDDGAYVG,28,28,2,TVWDDGAYVGVK;TVWDDGAYVGVKK;,10,noTP,NA,NA,Semitryptome,164,28,10,TVWDDGAYVGVK,164,175,28
O04314,PBP1,PYK10-binding protein 1,1,168,FGSDDGTVWD,DGAYVGVKKV,13,0,2,DGAYVGVKK;DGAYVGVK;,7,noTP,NA,NA,Semitryptome,168,13,7,DGAYVGVKK,168,176,13
O04314,PBP1,PYK10-binding protein 1,1,155,TTTPLTPAKQ,LTAFGSDDGT,10,10,2,LTAFGSDDGTVWDDGAYVGVK;LTAFGSDDGTVWDDGAYVGVKK;,5,noTP,NA,NA,Semitryptome,155,10,5,LTAFGSDDGTVWDDGAYVGVK,155,175,10
O04314,PBP1,PYK10-binding protein 1,1,162,AKQLTAFGSD,DGTVWDDGAY,10,10,2,DGTVWDDGAYVGVK;DGTVWDDGAYVGVKK;,4,noTP,NA,NA,Semitryptome,162,10,4,DGTVWDDGAYVGVK,162,175,10
O04314,PBP1,PYK10-binding protein 1,1,156,TTPLTPAKQL,TAFGSDDGTV,8,8,1,TAFGSDDGTVWDDGAYVGVK;,5,noTP,NA,NA,Semitryptome,156,8,5,TAFGSDDGTVWDDGAYVGVK,156,175,8
O04314,PBP1,PYK10-binding protein 1,1,161,PAKQLTAFGS,DDGTVWDDGA,6,6,1,DDGTVWDDGAYVGVK;,4,noTP,NA,NA,Semitryptome,161,6,4,DDGTVWDDGAYVGVK,161,175,6
O04314,PBP1,PYK10-binding protein 1,1,165,LTAFGSDDGT,VWDDGAYVGV,3,3,1,VWDDGAYVGVK;,3,noTP,NA,NA,Semitryptome,165,3,3,VWDDGAYVGVK,165,175,3
O04314,PBP1,PYK10-binding protein 1,1,158,PLTPAKQLTA,FGSDDGTVWD,3,3,1,FGSDDGTVWDDGAYVGVK;,3,noTP,NA,NA,Semitryptome,158,3,3,FGSDDGTVWDDGAYVGVK,158,175,3
O04314,PBP1,PYK10-binding protein 1,1,169,GSDDGTVWDD,GAYVGVKKVY,2,2,1,Q[-17.03]LTAFGSDDGTVWDD;,1,noTP,NA,NA,Semitryptome,169,2,1,QLTAFGSDDGTVWDD,169,183,2
O04314,PBP1,PYK10-binding protein 1,1,195,GISAVKFVYD,KSPEEVTGEE,16,0,1,KSPEEVTGEEHGK;,10,noTP,NA,NA,Semitryptome,195,16,10,KSPEEVTGEEHGK,195,207,16
O04314,PBP1,PYK10-binding protein 1,1,194,DGISAVKFVY,DKSPEEVTGE,14,0,1,DKSPEEVTGEEHGK;,11,noTP,NA,NA,Semitryptome,194,14,11,DKSPEEVTGEEHGK,194,207,14
O04314,PBP1,PYK10-binding protein 1,1,193,QDGISAVKFV,YDKSPEEVTG,9,0,1,YDKSPEEVTGEEHGK;,7,noTP,NA,NA,Semitryptome,193,9,7,YDKSPEEVTGEEHGK,193,207,9
O04314,PBP1,PYK10-binding protein 1,1,192,AQDGISAVKF,VYDKSPEEVT,2,0,1,VYDKSPEEVTGEEHGK;,2,noTP,NA,NA,Semitryptome,192,2,2,VYDKSPEEVTGEEHGK,192,207,2
O04314,PBP1,PYK10-binding protein 1,1,179,GAYVGVKKVY,VGQAQDGISA,34,0,1,VGQAQDGISAVK;,22,noTP,NA,NA,Semitryptome,179,34,22,VGQAQDGISAVK,179,190,34
O04314,PBP1,PYK10-binding protein 1,1,181,YVGVKKVYVG,QAQDGISAVK,14,0,2,Q[-17.03]AQDGISAVK;QAQDGISAVK;,9,noTP,NA,NA,Semitryptome,181,14,9,QAQDGISAVK,181,190,14
O04314,PBP1,PYK10-binding protein 1,1,180,AYVGVKKVYV,GQAQDGISAV,13,0,1,GQAQDGISAVK;,8,noTP,NA,NA,Semitryptome,180,13,8,GQAQDGISAVK,180,190,13
O04314,PBP1,PYK10-binding protein 1,1,178,DGAYVGVKKV,YVGQAQDGIS,9,0,1,YVGQAQDGISAVK;,7,noTP,NA,NA,Semitryptome,178,9,7,YVGQAQDGISAVK,178,190,9
O04314,PBP1,PYK10-binding protein 1,1,188,YVGQAQDGIS,AVKFVYDKSP,7,0,2,VYVGQAQDGIS;KVYVGQAQDGIS;,5,noTP,NA,NA,Semitryptome,188,7,5,VYVGQAQDGIS,188,198,7
O04314,PBP1,PYK10-binding protein 1,1,189,VGQAQDGISA,VKFVYDKSPE,5,0,2,KVYVGQAQDGISA;VYVGQAQDGISA;,4,noTP,NA,NA,Semitryptome,189,5,4,KVYVGQAQDGISA,189,201,5
O04314,PBP1,PYK10-binding protein 1,1,185,KKVYVGQAQD,GISAVKFVYD,4,0,1,KVYVGQAQD;,2,noTP,NA,NA,Semitryptome,185,4,2,KVYVGQAQD,185,193,4
O04314,PBP1,PYK10-binding protein 1,1,190,GQAQDGISAV,KFVYDKSPEE,3,0,1,KVYVGQAQDGISAV;,1,noTP,NA,NA,Semitryptome,190,3,1,KVYVGQAQDGISAV,190,203,3
O04314,PBP1,PYK10-binding protein 1,1,206,SPEEVTGEEH,GKSTLLGFEE,9,0,2,SPEEVTGEEH;FVYDKSPEEVTGEEH;,8,noTP,NA,NA,Semitryptome,206,9,8,SPEEVTGEEH,206,215,9
O04314,PBP1,PYK10-binding protein 1,1,207,PEEVTGEEHG,KSTLLGFEEF,5,0,2,SPEEVTGEEHG;FVYDKSPEEVTGEEHG;,4,noTP,NA,NA,Semitryptome,207,5,4,SPEEVTGEEHG,207,217,5
O04314,PBP1,PYK10-binding protein 1,1,205,KSPEEVTGEE,HGKSTLLGFE,3,0,1,FVYDKSPEEVTGEE;,1,noTP,NA,NA,Semitryptome,205,3,1,FVYDKSPEEVTGEE,205,218,3
O04314,PBP1,PYK10-binding protein 1,1,203,YDKSPEEVTG,EEHGKSTLLG,3,0,1,FVYDKSPEEVTG;,2,noTP,NA,NA,Semitryptome,203,3,2,FVYDKSPEEVTG,203,214,3
O04314,PBP1,PYK10-binding protein 1,1,204,DKSPEEVTGE,EHGKSTLLGF,3,0,1,FVYDKSPEEVTGE;,2,noTP,NA,NA,Semitryptome,204,3,2,FVYDKSPEEVTGE,204,216,3
O04314,PBP1,PYK10-binding protein 1,1,197,SAVKFVYDKS,PEEVTGEEHG,2,0,1,PEEVTGEEHGK;,2,noTP,NA,NA,Semitryptome,197,2,2,PEEVTGEEHGK,197,207,2
Q9SR37,BGLU23,Beta-glucosidase 23,1,94,NGDVAVDFFH,RYKEDIQLMK,4,4,1,CNNDNGDVAVDFFH;,2,SP,25,0.9468,Semitryptome,94,4,2,CNNDNGDVAVDFFH,94,107,4
Q9SR37,BGLU23,Beta-glucosidase 23,1,96,DVAVDFFHRY,KEDIQLMKNL,10,0,2,KEDIQLM[15.99]K;KEDIQLMK;,10,SP,25,0.9468,Semitryptome,96,10,10,KEDIQLMK,96,103,10
Q9SR37,BGLU23,Beta-glucosidase 23,1,102,FHRYKEDIQL,MKNLNTDAFR,2,0,1,YKEDIQL;,2,SP,25,0.9468,Semitryptome,102,2,2,YKEDIQL,102,108,2
Q9SR37,BGLU23,Beta-glucosidase 23,1,103,HRYKEDIQLM,KNLNTDAFRM,19,0,2,YKEDIQLM;YKEDIQLM[15.99];,8,SP,25,0.9468,Semitryptome,103,19,8,YKEDIQLM,103,110,19
Q9SR37,BGLU23,Beta-glucosidase 23,1,105,YKEDIQLMKN,LNTDAFRMSI,4,0,1,LNTDAFR;,4,SP,25,0.9468,Semitryptome,105,4,4,LNTDAFR,105,111,4
Q9SR37,BGLU23,Beta-glucosidase 23,1,113,KNLNTDAFRM,SIAWPRIFPH,4,4,2,NLNTDAFRM;NLNTDAFRM[15.99];,2,SP,25,0.9468,Semitryptome,113,4,2,NLNTDAFRM,113,121,4
Q9SR37,BGLU23,Beta-glucosidase 23,1,127,PRIFPHGRKE,KGVSQAGVQF,11,11,1,KGVSQAGVQFYHDLIDELIK;,8,SP,25,0.9468,Semitryptome,127,11,8,KGVSQAGVQFYHDLIDELIK,127,146,11
Q9SR37,BGLU23,Beta-glucosidase 23,1,129,IFPHGRKEKG,VSQAGVQFYH,7,7,1,VSQAGVQFYHDLIDELIK;,5,SP,25,0.9468,Semitryptome,129,7,5,VSQAGVQFYHDLIDELIK,129,146,7
Q9SR37,BGLU23,Beta-glucosidase 23,1,130,FPHGRKEKGV,SQAGVQFYHD,12,12,1,SQAGVQFYHDLIDELIK;,10,SP,25,0.9468,Semitryptome,130,12,10,SQAGVQFYHDLIDELIK,130,146,12
Q9SR37,BGLU23,Beta-glucosidase 23,1,131,PHGRKEKGVS,QAGVQFYHDL,6,6,1,QAGVQFYHDLIDELIK;,5,SP,25,0.9468,Semitryptome,131,6,5,QAGVQFYHDLIDELIK,131,146,6
Q9SR37,BGLU23,Beta-glucosidase 23,1,132,HGRKEKGVSQ,AGVQFYHDLI,5,5,2,AGVQFYHDLIDELIK;A[42.01]GVQFYHDLIDELIK;,3,SP,25,0.9468,Semitryptome,132,5,3,AGVQFYHDLIDELIK,132,146,5
Q9SR37,BGLU23,Beta-glucosidase 23,1,134,RKEKGVSQAG,VQFYHDLIDE,15,15,1,VQFYHDLIDELIK;,6,SP,25,0.9468,Semitryptome,134,15,6,VQFYHDLIDELIK,134,146,15
Q9SR37,BGLU23,Beta-glucosidase 23,1,135,KEKGVSQAGV,QFYHDLIDEL,2,2,1,QFYHDLIDELIK;,1,SP,25,0.9468,Semitryptome,135,2,1,QFYHDLIDELIK,135,146,2
Q9SR37,BGLU23,Beta-glucosidase 23,1,137,KGVSQAGVQF,YHDLIDELIK,34,34,1,YHDLIDELIK;,28,SP,25,0.9468,Semitryptome,137,34,28,YHDLIDELIK,137,146,34
O04314,PBP1,PYK10-binding protein 1,1,140,GGNLNSLGAY,FAPLTTTTPL,94,94,2,FAPLTTTTPLTPAK;IIGFHGSAGGNLNSLGAY;,48,noTP,NA,NA,Semitryptome,140,94,48,FAPLTTTTPLTPAK,140,153,94
O04314,PBP1,PYK10-binding protein 1,1,135,FHGSAGGNLN,SLGAYFAPLT,58,58,3,SLGAYFAPLTTTTPLTPAK;KIIGFHGSAGGNLN;IIGFHGSAGGNLN;,34,noTP,NA,NA,Semitryptome,135,58,34,SLGAYFAPLTTTTPLTPAK,135,153,58
O04314,PBP1,PYK10-binding protein 1,1,126,QVKDKKIIGF,HGSAGGNLNS,48,48,1,HGSAGGNLNSLGAYFAPLTTTTPLTPAK;,42,noTP,NA,NA,Semitryptome,126,48,42,HGSAGGNLNSLGAYFAPLTTTTPLTPAK,126,153,48
O04314,PBP1,PYK10-binding protein 1,1,138,SAGGNLNSLG,AYFAPLTTTT,36,36,2,IIGFHGSAGGNLNSLG;AYFAPLTTTTPLTPAK;,14,noTP,NA,NA,Semitryptome,138,36,14,IIGFHGSAGGNLNSLG,138,153,36
O04314,PBP1,PYK10-binding protein 1,1,153,LTTTTPLTPA,KQLTAFGSDD,26,26,1,KQLTAFGSDDGTVWDDGAYVGVK;,13,noTP,NA,NA,Semitryptome,153,26,13,KQLTAFGSDDGTVWDDGAYVGVK,153,175,26
O04314,PBP1,PYK10-binding protein 1,1,141,GNLNSLGAYF,APLTTTTPLT,24,24,2,IIGFHGSAGGNLNSLGAYF;APLTTTTPLTPAK;,12,noTP,NA,NA,Semitryptome,141,24,12,IIGFHGSAGGNLNSLGAYF,141,159,24
O04314,PBP1,PYK10-binding protein 1,1,142,NLNSLGAYFA,PLTTTTPLTP,22,22,1,PLTTTTPLTPAK;,11,noTP,NA,NA,Semitryptome,142,22,11,PLTTTTPLTPAK,142,153,22
O04314,PBP1,PYK10-binding protein 1,1,137,GSAGGNLNSL,GAYFAPLTTT,21,21,1,GAYFAPLTTTTPLTPAK;,12,noTP,NA,NA,Semitryptome,137,21,12,GAYFAPLTTTTPLTPAK,137,153,21
O04314,PBP1,PYK10-binding protein 1,1,133,IGFHGSAGGN,LNSLGAYFAP,15,15,2,LNSLGAYFAPLTTTTPLTPAK;IIGFHGSAGGN;,13,noTP,NA,NA,Semitryptome,133,15,13,LNSLGAYFAPLTTTTPLTPAK,133,153,15
O04314,PBP1,PYK10-binding protein 1,1,139,AGGNLNSLGA,YFAPLTTTTP,8,8,2,IIGFHGSAGGNLNSLGA;YFAPLTTTTPLTPAK;,6,noTP,NA,NA,Semitryptome,139,8,6,IIGFHGSAGGNLNSLGA,139,155,8
O04314,PBP1,PYK10-binding protein 1,1,132,IIGFHGSAGG,NLNSLGAYFA,8,8,1,NLNSLGAYFAPLTTTTPLTPAK;,7,noTP,NA,NA,Semitryptome,132,8,7,NLNSLGAYFAPLTTTTPLTPAK,132,153,8
O04314,PBP1,PYK10-binding protein 1,1,144,NSLGAYFAPL,TTTTPLTPAK,7,0,1,TTTTPLTPAK;,5,noTP,NA,NA,Semitryptome,144,7,5,TTTTPLTPAK,144,153,7
O04314,PBP1,PYK10-binding protein 1,1,131,KIIGFHGSAG,GNLNSLGAYF,6,6,1,GNLNSLGAYFAPLTTTTPLTPAK;,6,noTP,NA,NA,Semitryptome,131,6,6,GNLNSLGAYFAPLTTTTPLTPAK,131,153,6
O04314,PBP1,PYK10-binding protein 1,1,128,KDKKIIGFHG,SAGGNLNSLG,6,6,1,SAGGNLNSLGAYFAPLTTTTPLTPAK;,5,noTP,NA,NA,Semitryptome,128,6,5,SAGGNLNSLGAYFAPLTTTTPLTPAK,128,153,6
O04314,PBP1,PYK10-binding protein 1,1,143,LNSLGAYFAP,LTTTTPLTPA,6,6,1,LTTTTPLTPAK;,3,noTP,NA,NA,Semitryptome,143,6,3,LTTTTPLTPAK,143,153,6
O04314,PBP1,PYK10-binding protein 1,1,145,SLGAYFAPLT,TTTPLTPAKQ,6,0,1,TTTPLTPAK;,4,noTP,NA,NA,Semitryptome,145,6,4,TTTPLTPAK,145,153,6
O04314,PBP1,PYK10-binding protein 1,1,125,LQVKDKKIIG,FHGSAGGNLN,5,5,1,FHGSAGGNLNSLGAYFAPLTTTTPLTPAK;,4,noTP,NA,NA,Semitryptome,125,5,4,FHGSAGGNLNSLGAYFAPLTTTTPLTPAK,125,153,5
O04314,PBP1,PYK10-binding protein 1,1,136,HGSAGGNLNS,LGAYFAPLTT,4,4,1,LGAYFAPLTTTTPLTPAK;,3,noTP,NA,NA,Semitryptome,136,4,3,LGAYFAPLTTTTPLTPAK,136,153,4
O04314,PBP1,PYK10-binding protein 1,1,127,VKDKKIIGFH,GSAGGNLNSL,2,2,1,GSAGGNLNSLGAYFAPLTTTTPLTPAK;,1,noTP,NA,NA,Semitryptome,127,2,1,GSAGGNLNSLGAYFAPLTTTTPLTPAK,127,153,2
O04314,PBP1,PYK10-binding protein 1,1,129,DKKIIGFHGS,AGGNLNSLGA,2,2,1,AGGNLNSLGAYFAPLTTTTPLTPAK;,2,noTP,NA,NA,Semitryptome,129,2,2,AGGNLNSLGAYFAPLTTTTPLTPAK,129,153,2
Q9SR37,BGLU23,Beta-glucosidase 23,1,138,GVSQAGVQFY,HDLIDELIKN,36,36,1,HDLIDELIK;,35,SP,25,0.9468,Semitryptome,138,36,35,HDLIDELIK,138,146,36
Q9SR37,BGLU23,Beta-glucosidase 23,1,139,VSQAGVQFYH,DLIDELIKNG,6,0,1,GVSQAGVQFYH;,6,SP,25,0.9468,Semitryptome,139,6,6,GVSQAGVQFYH,139,149,6
Q9SR37,BGLU23,Beta-glucosidase 23,1,140,SQAGVQFYHD,LIDELIKNGI,4,4,1,GVSQAGVQFYHD;,4,SP,25,0.9468,Semitryptome,140,4,4,GVSQAGVQFYHD,140,151,4
Q9SR37,BGLU23,Beta-glucosidase 23,1,143,GVQFYHDLID,ELIKNGITPF,3,3,1,GVSQAGVQFYHDLID;,3,SP,25,0.9468,Semitryptome,143,3,3,GVSQAGVQFYHDLID,143,157,3
Q9SR37,BGLU23,Beta-glucosidase 23,1,153,ELIKNGITPF,VTVFHWDTPQ,149,149,1,VTVFHWDTPQDLEDEYGGFLSER;,37,SP,25,0.9468,Semitryptome,153,149,37,VTVFHWDTPQDLEDEYGGFLSER,153,175,149
O04314,PBP1,PYK10-binding protein 1,1,238,VDGTYDKIFG,SDGSVITMLR,13,0,2,SDGSVITM[15.99]LR;SDGSVITMLR;,5,noTP,NA,NA,Semitryptome,238,13,5,SDGSVITMLR,238,247,13
O04314,PBP1,PYK10-binding protein 1,1,236,TAVDGTYDKI,FGSDGSVITM,5,0,2,FGSDGSVITMLR;FGSDGSVITM[15.99]LR;,5,noTP,NA,NA,Semitryptome,236,5,5,FGSDGSVITMLR,236,247,5
O04314,PBP1,PYK10-binding protein 1,1,237,AVDGTYDKIF,GSDGSVITML,2,0,2,GSDGSVITM[15.99]LR;GSDGSVITMLR;,2,noTP,NA,NA,Semitryptome,237,2,2,GSDGSVITMLR,237,247,2
Q9SR37,BGLU23,Beta-glucosidase 23,1,155,IKNGITPFVT,VFHWDTPQDL,3,3,1,VFHWDTPQDLEDEYGGFLSER;,2,SP,25,0.9468,Semitryptome,155,3,2,VFHWDTPQDLEDEYGGFLSER,155,175,3
Q9SR37,BGLU23,Beta-glucosidase 23,1,156,KNGITPFVTV,FHWDTPQDLE,3,3,1,FHWDTPQDLEDEYGGFLSER;,1,SP,25,0.9468,Semitryptome,156,3,1,FHWDTPQDLEDEYGGFLSER,156,175,3
Q9SR37,BGLU23,Beta-glucosidase 23,1,157,NGITPFVTVF,HWDTPQDLED,20,20,1,HWDTPQDLEDEYGGFLSER;,11,SP,25,0.9468,Semitryptome,157,20,11,HWDTPQDLEDEYGGFLSER,157,175,20
Q9SR37,BGLU23,Beta-glucosidase 23,1,158,GITPFVTVFH,WDTPQDLEDE,14,14,2,WDTPQDLEDEYGGFLSER;NGITPFVTVFH;,9,SP,25,0.9468,Semitryptome,158,14,9,WDTPQDLEDEYGGFLSER,158,175,14
Q9SR37,BGLU23,Beta-glucosidase 23,1,159,ITPFVTVFHW,DTPQDLEDEY,19,19,1,DTPQDLEDEYGGFLSER;,10,SP,25,0.9468,Semitryptome,159,19,10,DTPQDLEDEYGGFLSER,159,175,19
Q9SR37,BGLU23,Beta-glucosidase 23,1,160,TPFVTVFHWD,TPQDLEDEYG,37,37,2,NGITPFVTVFHWD;TPQDLEDEYGGFLSER;,19,SP,25,0.9468,Semitryptome,160,37,19,NGITPFVTVFHWD,160,172,37
Q9SR37,BGLU23,Beta-glucosidase 23,1,161,PFVTVFHWDT,PQDLEDEYGG,9,9,1,PQDLEDEYGGFLSER;,7,SP,25,0.9468,Semitryptome,161,9,7,PQDLEDEYGGFLSER,161,175,9
Q9SR37,BGLU23,Beta-glucosidase 23,1,162,FVTVFHWDTP,QDLEDEYGGF,4,4,1,QDLEDEYGGFLSER;,4,SP,25,0.9468,Semitryptome,162,4,4,QDLEDEYGGFLSER,162,175,4
Q9SR37,BGLU23,Beta-glucosidase 23,1,163,VTVFHWDTPQ,DLEDEYGGFL,15,1,2,DLEDEYGGFLSER;NGITPFVTVFHWDTPQ;,11,SP,25,0.9468,Semitryptome,163,15,11,DLEDEYGGFLSER,163,175,15
Q9SR37,BGLU23,Beta-glucosidase 23,1,164,TVFHWDTPQD,LEDEYGGFLS,5,1,2,LEDEYGGFLSER;NGITPFVTVFHWDTPQD;,5,SP,25,0.9468,Semitryptome,164,5,5,LEDEYGGFLSER,164,175,5
Q9SR37,BGLU23,Beta-glucosidase 23,1,165,VFHWDTPQDL,EDEYGGFLSE,3,0,1,EDEYGGFLSER;,3,SP,25,0.9468,Semitryptome,165,3,3,EDEYGGFLSER,165,175,3
Q9SR37,BGLU23,Beta-glucosidase 23,1,166,FHWDTPQDLE,DEYGGFLSER,3,0,1,DEYGGFLSER;,2,SP,25,0.9468,Semitryptome,166,3,2,DEYGGFLSER,166,175,3
Q9SR37,BGLU23,Beta-glucosidase 23,1,167,HWDTPQDLED,EYGGFLSERI,5,0,1,EYGGFLSER;,5,SP,25,0.9468,Semitryptome,167,5,5,EYGGFLSER,167,175,5
Q9SR37,BGLU23,Beta-glucosidase 23,1,168,WDTPQDLEDE,YGGFLSERIV,2,0,1,YGGFLSER;,2,SP,25,0.9468,Semitryptome,168,2,2,YGGFLSER,168,175,2
Q9SR37,BGLU23,Beta-glucosidase 23,1,181,FLSERIVKDF,REYADFVFQE,3,3,1,REYADFVFQEYGGK;,3,SP,25,0.9468,Semitryptome,181,3,3,REYADFVFQEYGGK,181,194,3
Q9SR37,BGLU23,Beta-glucosidase 23,1,183,SERIVKDFRE,YADFVFQEYG,5,5,1,YADFVFQEYGGK;,4,SP,25,0.9468,Semitryptome,183,5,4,YADFVFQEYGGK,183,194,5
Q9SR37,BGLU23,Beta-glucosidase 23,1,184,ERIVKDFREY,ADFVFQEYGG,4,4,1,ADFVFQEYGGK;,4,SP,25,0.9468,Semitryptome,184,4,4,ADFVFQEYGGK,184,194,4
Q9SR37,BGLU23,Beta-glucosidase 23,1,198,FQEYGGKVKH,WITFNEPWVF,5,5,1,WITFNEPWVFSHAGYDVGK;,3,SP,25,0.9468,Semitryptome,198,5,3,WITFNEPWVFSHAGYDVGK,198,216,5
Q9SR37,BGLU23,Beta-glucosidase 23,1,199,QEYGGKVKHW,ITFNEPWVFS,6,6,1,ITFNEPWVFSHAGYDVGK;,6,SP,25,0.9468,Semitryptome,199,6,6,ITFNEPWVFSHAGYDVGK,199,216,6
Q9SR37,BGLU23,Beta-glucosidase 23,1,200,EYGGKVKHWI,TFNEPWVFSH,3,3,1,TFNEPWVFSHAGYDVGK;,3,SP,25,0.9468,Semitryptome,200,3,3,TFNEPWVFSHAGYDVGK,200,216,3
Q9SR37,BGLU23,Beta-glucosidase 23,1,201,YGGKVKHWIT,FNEPWVFSHA,5,5,1,FNEPWVFSHAGYDVGK;,5,SP,25,0.9468,Semitryptome,201,5,5,FNEPWVFSHAGYDVGK,201,216,5
Q9SR37,BGLU23,Beta-glucosidase 23,1,202,GGKVKHWITF,NEPWVFSHAG,37,37,1,NEPWVFSHAGYDVGK;,16,SP,25,0.9468,Semitryptome,202,37,16,NEPWVFSHAGYDVGK,202,216,37
Q9SR37,BGLU23,Beta-glucosidase 23,1,203,GKVKHWITFN,EPWVFSHAGY,17,5,2,VKHWITFN;EPWVFSHAGYDVGK;,16,SP,25,0.9468,Semitryptome,203,17,16,VKHWITFN,203,210,17
Q9SR37,BGLU23,Beta-glucosidase 23,1,204,KVKHWITFNE,PWVFSHAGYD,6,6,1,PWVFSHAGYDVGK;,6,SP,25,0.9468,Semitryptome,204,6,6,PWVFSHAGYDVGK,204,216,6
Q9SR37,BGLU23,Beta-glucosidase 23,1,205,VKHWITFNEP,WVFSHAGYDV,14,14,1,WVFSHAGYDVGK;,12,SP,25,0.9468,Semitryptome,205,14,12,WVFSHAGYDVGK,205,216,14
Q9SR37,BGLU23,Beta-glucosidase 23,1,206,KHWITFNEPW,VFSHAGYDVG,36,29,3,VFSHAGYDVGK;HWITFNEPW;VKHWITFNEPW;,25,SP,25,0.9468,Semitryptome,206,36,25,VFSHAGYDVGK,206,216,36
Q9SR37,BGLU23,Beta-glucosidase 23,1,207,HWITFNEPWV,FSHAGYDVGK,2,2,1,FSHAGYDVGK;,2,SP,25,0.9468,Semitryptome,207,2,2,FSHAGYDVGK,207,216,2
Q9SR37,BGLU23,Beta-glucosidase 23,1,208,WITFNEPWVF,SHAGYDVGKK,21,4,2,HWITFNEPWVF;SHAGYDVGK;,14,SP,25,0.9468,Semitryptome,208,21,14,HWITFNEPWVF,208,218,21
Q9SR37,BGLU23,Beta-glucosidase 23,1,209,ITFNEPWVFS,HAGYDVGKKA,3,0,1,HWITFNEPWVFS;,3,SP,25,0.9468,Semitryptome,209,3,3,HWITFNEPWVFS,209,220,3
Q9SR37,BGLU23,Beta-glucosidase 23,1,210,TFNEPWVFSH,AGYDVGKKAP,38,38,1,HWITFNEPWVFSH;,26,SP,25,0.9468,Semitryptome,210,38,26,HWITFNEPWVFSH,210,222,38
Q9SR37,BGLU23,Beta-glucosidase 23,1,214,PWVFSHAGYD,VGKKAPGRCS,4,4,1,HWITFNEPWVFSHAGYD;,2,SP,25,0.9468,Semitryptome,214,4,2,HWITFNEPWVFSHAGYD,214,230,4
Q9SR37,BGLU23,Beta-glucosidase 23,1,236,VNAKCQDGRS,GYEAYLVTHN,2,2,1,GYEAYLVTHNLLISHAEAVEAYR;,2,SP,25,0.9468,Semitryptome,236,2,2,GYEAYLVTHNLLISHAEAVEAYR,236,258,2
Q9SR37,BGLU23,Beta-glucosidase 23,1,238,AKCQDGRSGY,EAYLVTHNLL,4,4,1,EAYLVTHNLLISHAEAVEAYR;,3,SP,25,0.9468,Semitryptome,238,4,3,EAYLVTHNLLISHAEAVEAYR,238,258,4
Q9SR37,BGLU23,Beta-glucosidase 23,1,240,CQDGRSGYEA,YLVTHNLLIS,7,7,2,YLVTHNLLISHAEAVEAYRK;YLVTHNLLISHAEAVEAYR;,4,SP,25,0.9468,Semitryptome,240,7,4,YLVTHNLLISHAEAVEAYRK,240,259,7
Q9SR37,BGLU23,Beta-glucosidase 23,1,241,QDGRSGYEAY,LVTHNLLISH,64,64,2,LVTHNLLISHAEAVEAYR;LVTHNLLISHAEAVEAYRK;,36,SP,25,0.9468,Semitryptome,241,64,36,LVTHNLLISHAEAVEAYR,241,258,64
Q9SR37,BGLU23,Beta-glucosidase 23,1,242,DGRSGYEAYL,VTHNLLISHA,4,4,2,VTHNLLISHAEAVEAYR;V[42.01]THNLLISHAEAVEAYR;,4,SP,25,0.9468,Semitryptome,242,4,4,VTHNLLISHAEAVEAYR,242,258,4
Q9SR37,BGLU23,Beta-glucosidase 23,1,244,RSGYEAYLVT,HNLLISHAEA,4,4,1,HNLLISHAEAVEAYR;,4,SP,25,0.9468,Semitryptome,244,4,4,HNLLISHAEAVEAYR,244,258,4
Q9SR37,BGLU23,Beta-glucosidase 23,1,245,SGYEAYLVTH,NLLISHAEAV,217,217,3,NLLISHAEAVEAYRK;NLLISHAEAVEAYR;SGYEAYLVTH;,72,SP,25,0.9468,Semitryptome,245,217,72,NLLISHAEAVEAYRK,245,259,217
Q9SR37,BGLU23,Beta-glucosidase 23,1,246,GYEAYLVTHN,LLISHAEAVE,99,99,3,LLISHAEAVEAYRK;LLISHAEAVEAYR;SGYEAYLVTHN;,38,SP,25,0.9468,Semitryptome,246,99,38,LLISHAEAVEAYRK,246,259,99
Q9SR37,BGLU23,Beta-glucosidase 23,1,247,YEAYLVTHNL,LISHAEAVEA,7,7,2,SGYEAYLVTHNL;LISHAEAVEAYR;,3,SP,25,0.9468,Semitryptome,247,7,3,SGYEAYLVTHNL,247,258,7
Q9SR37,BGLU23,Beta-glucosidase 23,1,248,EAYLVTHNLL,ISHAEAVEAY,34,34,3,ISHAEAVEAYRK;SGYEAYLVTHNLL;ISHAEAVEAYR;,23,SP,25,0.9468,Semitryptome,248,34,23,ISHAEAVEAYRK,248,259,34
Q9SR37,BGLU23,Beta-glucosidase 23,1,249,AYLVTHNLLI,SHAEAVEAYR,3,3,2,SGYEAYLVTHNLLI;SHAEAVEAYR;,3,SP,25,0.9468,Semitryptome,249,3,3,SGYEAYLVTHNLLI,249,262,3
Q9SR37,BGLU23,Beta-glucosidase 23,1,250,YLVTHNLLIS,HAEAVEAYRK,5,5,2,HAEAVEAYR;SGYEAYLVTHNLLIS;,4,SP,25,0.9468,Semitryptome,250,5,4,HAEAVEAYR,250,258,5
Q9SR37,BGLU23,Beta-glucosidase 23,1,251,LVTHNLLISH,AEAVEAYRKC,19,19,2,AEAVEAYR;SGYEAYLVTHNLLISH;,13,SP,25,0.9468,Semitryptome,251,19,13,AEAVEAYR,251,258,19
Q9SR37,BGLU23,Beta-glucosidase 23,1,252,VTHNLLISHA,EAVEAYRKCE,4,4,1,SGYEAYLVTHNLLISHA;,3,SP,25,0.9468,Semitryptome,252,4,3,SGYEAYLVTHNLLISHA,252,268,4
Q9SR37,BGLU23,Beta-glucosidase 23,1,256,LLISHAEAVE,AYRKCEKCKG,2,2,1,SGYEAYLVTHNLLISHAEAVE;,2,SP,25,0.9468,Semitryptome,256,2,2,SGYEAYLVTHNLLISHAEAVE,256,276,2
Q9SR37,BGLU23,Beta-glucosidase 23,1,257,LISHAEAVEA,YRKCEKCKGG,2,2,1,SGYEAYLVTHNLLISHAEAVEA;,2,SP,25,0.9468,Semitryptome,257,2,2,SGYEAYLVTHNLLISHAEAVEA,257,278,2
Q9SR37,BGLU23,Beta-glucosidase 23,1,258,ISHAEAVEAY,RKCEKCKGGK,4,4,1,SGYEAYLVTHNLLISHAEAVEAY;,3,SP,25,0.9468,Semitryptome,258,4,3,SGYEAYLVTHNLLISHAEAVEAY,258,280,4
Q9SR37,BGLU23,Beta-glucosidase 23,1,267,YRKCEKCKGG,KIGIAHSPAW,2,2,1,KIGIAHSPAWFEAHDLADSQDGASIDR;,2,SP,25,0.9468,Semitryptome,267,2,2,KIGIAHSPAWFEAHDLADSQDGASIDR,267,293,2
Q9SR37,BGLU23,Beta-glucosidase 23,1,269,KCEKCKGGKI,GIAHSPAWFE,2,2,2,G[42.01]IAHSPAWFEAHDLADSQDGASIDR;GIAHSPAWFEAHDLADSQDGASIDR;,2,SP,25,0.9468,Semitryptome,269,2,2,GIAHSPAWFEAHDLADSQDGASIDR,269,293,2
Q9SR37,BGLU23,Beta-glucosidase 23,1,270,CEKCKGGKIG,IAHSPAWFEA,4,4,1,IAHSPAWFEAHDLADSQDGASIDR;,3,SP,25,0.9468,Semitryptome,270,4,3,IAHSPAWFEAHDLADSQDGASIDR,270,293,4
Q9SR37,BGLU23,Beta-glucosidase 23,1,271,EKCKGGKIGI,AHSPAWFEAH,3,3,1,AHSPAWFEAHDLADSQDGASIDR;,2,SP,25,0.9468,Semitryptome,271,3,2,AHSPAWFEAHDLADSQDGASIDR,271,293,3
Q9SR37,BGLU23,Beta-glucosidase 23,1,273,CKGGKIGIAH,SPAWFEAHDL,141,141,1,SPAWFEAHDLADSQDGASIDR;,19,SP,25,0.9468,Semitryptome,273,141,19,SPAWFEAHDLADSQDGASIDR,273,293,141
Q9SR37,BGLU23,Beta-glucosidase 23,1,274,KGGKIGIAHS,PAWFEAHDLA,4,4,1,PAWFEAHDLADSQDGASIDR;,4,SP,25,0.9468,Semitryptome,274,4,4,PAWFEAHDLADSQDGASIDR,274,293,4
Q9SR37,BGLU23,Beta-glucosidase 23,1,276,GKIGIAHSPA,WFEAHDLADS,23,23,1,WFEAHDLADSQDGASIDR;,4,SP,25,0.9468,Semitryptome,276,23,4,WFEAHDLADSQDGASIDR,276,293,23
Q9SR37,BGLU23,Beta-glucosidase 23,1,277,KIGIAHSPAW,FEAHDLADSQ,17,16,2,IGIAHSPAW;FEAHDLADSQDGASIDR;,12,SP,25,0.9468,Semitryptome,277,17,12,IGIAHSPAW,277,285,17
Q9SR37,BGLU23,Beta-glucosidase 23,1,278,IGIAHSPAWF,EAHDLADSQD,22,19,2,EAHDLADSQDGASIDR;IGIAHSPAWF;,18,SP,25,0.9468,Semitryptome,278,22,18,EAHDLADSQDGASIDR,278,293,22
Q9SR37,BGLU23,Beta-glucosidase 23,1,279,GIAHSPAWFE,AHDLADSQDG,26,11,2,IGIAHSPAWFE;AHDLADSQDGASIDR;,15,SP,25,0.9468,Semitryptome,279,26,15,IGIAHSPAWFE,279,289,26
Q9SR37,BGLU23,Beta-glucosidase 23,1,280,IAHSPAWFEA,HDLADSQDGA,2,2,1,HDLADSQDGASIDR;,2,SP,25,0.9468,Semitryptome,280,2,2,HDLADSQDGASIDR,280,293,2
Q9SR37,BGLU23,Beta-glucosidase 23,1,281,AHSPAWFEAH,DLADSQDGAS,88,68,2,DLADSQDGASIDR;IGIAHSPAWFEAH;,44,SP,25,0.9468,Semitryptome,281,88,44,DLADSQDGASIDR,281,293,88
Q9SR37,BGLU23,Beta-glucosidase 23,1,282,HSPAWFEAHD,LADSQDGASI,49,49,2,IGIAHSPAWFEAHD;LADSQDGASIDR;,24,SP,25,0.9468,Semitryptome,282,49,24,IGIAHSPAWFEAHD,282,295,49
Q9SR37,BGLU23,Beta-glucosidase 23,1,283,SPAWFEAHDL,ADSQDGASID,20,20,2,ADSQDGASIDR;IGIAHSPAWFEAHDL;,8,SP,25,0.9468,Semitryptome,283,20,8,ADSQDGASIDR,283,293,20
Q9SR37,BGLU23,Beta-glucosidase 23,1,284,PAWFEAHDLA,DSQDGASIDR,49,49,2,DSQDGASIDR;IGIAHSPAWFEAHDLA;,13,SP,25,0.9468,Semitryptome,284,49,13,DSQDGASIDR,284,293,49
Q9SR37,BGLU23,Beta-glucosidase 23,1,285,AWFEAHDLAD,SQDGASIDRA,32,32,2,IGIAHSPAWFEAHDLAD;SQDGASIDR;,14,SP,25,0.9468,Semitryptome,285,32,14,IGIAHSPAWFEAHDLAD,285,301,32
Q9SR37,BGLU23,Beta-glucosidase 23,1,286,WFEAHDLADS,QDGASIDRAL,4,4,1,IGIAHSPAWFEAHDLADS;,2,SP,25,0.9468,Semitryptome,286,4,2,IGIAHSPAWFEAHDLADS,286,303,4
Q9SR37,BGLU23,Beta-glucosidase 23,1,287,FEAHDLADSQ,DGASIDRALD,7,7,1,IGIAHSPAWFEAHDLADSQ;,5,SP,25,0.9468,Semitryptome,287,7,5,IGIAHSPAWFEAHDLADSQ,287,305,7
Q9SR37,BGLU23,Beta-glucosidase 23,1,288,EAHDLADSQD,GASIDRALDF,29,29,1,IGIAHSPAWFEAHDLADSQD;,15,SP,25,0.9468,Semitryptome,288,29,15,IGIAHSPAWFEAHDLADSQD,288,307,29
Q9SR37,BGLU23,Beta-glucosidase 23,1,289,AHDLADSQDG,ASIDRALDFI,10,10,1,IGIAHSPAWFEAHDLADSQDG;,3,SP,25,0.9468,Semitryptome,289,10,3,IGIAHSPAWFEAHDLADSQDG,289,309,10
Q9SR37,BGLU23,Beta-glucosidase 23,1,290,HDLADSQDGA,SIDRALDFIL,9,9,1,IGIAHSPAWFEAHDLADSQDGA;,4,SP,25,0.9468,Semitryptome,290,9,4,IGIAHSPAWFEAHDLADSQDGA,290,311,9
Q9SR37,BGLU23,Beta-glucosidase 23,1,291,DLADSQDGAS,IDRALDFILG,3,3,1,IGIAHSPAWFEAHDLADSQDGAS;,3,SP,25,0.9468,Semitryptome,291,3,3,IGIAHSPAWFEAHDLADSQDGAS,291,313,3
Q9SR37,BGLU23,Beta-glucosidase 23,1,293,ADSQDGASID,RALDFILGWH,18,18,1,IGIAHSPAWFEAHDLADSQDGASID;,7,SP,25,0.9468,Semitryptome,293,18,7,IGIAHSPAWFEAHDLADSQDGASID,293,317,18
Q9SR37,BGLU23,Beta-glucosidase 23,1,297,DGASIDRALD,FILGWHLDTT,2,2,1,IGIAHSPAWFEAHDLADSQDGASIDRALD;,2,SP,25,0.9468,Semitryptome,297,2,2,IGIAHSPAWFEAHDLADSQDGASIDRALD,297,325,2
Q9SR37,BGLU23,Beta-glucosidase 23,1,301,IDRALDFILG,WHLDTTTFGD,5,5,1,WHLDTTTFGDYPQIMK;,4,SP,25,0.9468,Semitryptome,301,5,4,WHLDTTTFGDYPQIMK,301,316,5
Q9SR37,BGLU23,Beta-glucosidase 23,1,302,DRALDFILGW,HLDTTTFGDY,90,90,2,HLDTTTFGDYPQIMK;HLDTTTFGDYPQIM[15.99]K;,39,SP,25,0.9468,Semitryptome,302,90,39,HLDTTTFGDYPQIMK,302,316,90
Q9SR37,BGLU23,Beta-glucosidase 23,1,303,RALDFILGWH,LDTTTFGDYP,12,12,3,ALDFILGWH;LDTTTFGDYPQIMK;LDTTTFGDYPQIM[15.99]K;,9,SP,25,0.9468,Semitryptome,303,12,9,ALDFILGWH,303,311,12
Q9SR37,BGLU23,Beta-glucosidase 23,1,304,ALDFILGWHL,DTTTFGDYPQ,5,5,2,DTTTFGDYPQIMK;DTTTFGDYPQIM[15.99]K;,4,SP,25,0.9468,Semitryptome,304,5,4,DTTTFGDYPQIMK,304,316,5
Q9SR37,BGLU23,Beta-glucosidase 23,1,305,LDFILGWHLD,TTTFGDYPQI,8,8,2,TTTFGDYPQIMK;TTTFGDYPQIM[15.99]K;,6,SP,25,0.9468,Semitryptome,305,8,6,TTTFGDYPQIMK,305,316,8
Q9SR37,BGLU23,Beta-glucosidase 23,1,340,QKAKLKASTD,FVGLNYYTSV,2,2,1,FVGLNYYTSVFSNHLEKPDPSK;,2,SP,25,0.9468,Semitryptome,340,2,2,FVGLNYYTSVFSNHLEKPDPSK,340,361,2
Q9SR37,BGLU23,Beta-glucosidase 23,1,345,KASTDFVGLN,YYTSVFSNHL,19,19,1,LKASTDFVGLN;,6,SP,25,0.9468,Semitryptome,345,19,6,LKASTDFVGLN,345,355,19
Q9SR37,BGLU23,Beta-glucosidase 23,1,347,STDFVGLNYY,TSVFSNHLEK,7,7,3,TSVFSNHLEK;ASTDFVGLNYY;LKASTDFVGLNYY;,2,SP,25,0.9468,Semitryptome,347,7,2,TSVFSNHLEK,347,356,7
Q9SR37,BGLU23,Beta-glucosidase 23,1,348,TDFVGLNYYT,SVFSNHLEKP,8,8,1,LKASTDFVGLNYYT;,2,SP,25,0.9468,Semitryptome,348,8,2,LKASTDFVGLNYYT,348,361,8
Q9SR37,BGLU23,Beta-glucosidase 23,1,349,DFVGLNYYTS,VFSNHLEKPD,6,6,2,ASTDFVGLNYYTS;LKASTDFVGLNYYTS;,2,SP,25,0.9468,Semitryptome,349,6,2,ASTDFVGLNYYTS,349,361,6
Q9SR37,BGLU23,Beta-glucosidase 23,1,354,NYYTSVFSNH,LEKPDPSKPR,7,7,2,LKASTDFVGLNYYTSVFSNH;ASTDFVGLNYYTSVFSNH;,5,SP,25,0.9468,Semitryptome,354,7,5,LKASTDFVGLNYYTSVFSNH,354,373,7
Q9SR37,BGLU23,Beta-glucosidase 23,1,355,YYTSVFSNHL,EKPDPSKPRW,2,2,2,LKASTDFVGLNYYTSVFSNHL;ASTDFVGLNYYTSVFSNHL;,2,SP,25,0.9468,Semitryptome,355,2,2,LKASTDFVGLNYYTSVFSNHL,355,375,2
Q9SR37,BGLU23,Beta-glucosidase 23,1,356,YTSVFSNHLE,KPDPSKPRWM,10,10,2,LKASTDFVGLNYYTSVFSNHLE;ASTDFVGLNYYTSVFSNHLE;,7,SP,25,0.9468,Semitryptome,356,10,7,LKASTDFVGLNYYTSVFSNHLE,356,377,10
Q9SR37,BGLU23,Beta-glucosidase 23,1,359,VFSNHLEKPD,PSKPRWMQDS,51,51,1,ASTDFVGLNYYTSVFSNHLEKPD;,26,SP,25,0.9468,Semitryptome,359,51,26,ASTDFVGLNYYTSVFSNHLEKPD,359,381,51
O04314,PBP1,PYK10-binding protein 1,1,254,TMLRFKTNKQ,TSPPFGLEAG,32,32,2,TSPPFGLEAGTVFELKEEGHK;TSPPFGLEAGTVFELK;,10,noTP,NA,NA,Semitryptome,254,32,10,TSPPFGLEAGTVFELKEEGHK,254,274,32
O04314,PBP1,PYK10-binding protein 1,1,255,MLRFKTNKQT,SPPFGLEAGT,9,9,2,SPPFGLEAGTVFELKEEGHK;SPPFGLEAGTVFELK;,9,noTP,NA,NA,Semitryptome,255,9,9,SPPFGLEAGTVFELKEEGHK,255,274,9
O04314,PBP1,PYK10-binding protein 1,1,262,KQTSPPFGLE,AGTVFELKEE,4,0,1,TNKQTSPPFGLE;,2,noTP,NA,NA,Semitryptome,262,4,2,TNKQTSPPFGLE,262,273,4
O04314,PBP1,PYK10-binding protein 1,1,256,LRFKTNKQTS,PPFGLEAGTV,3,3,1,PPFGLEAGTVFELKEEGHK;,2,noTP,NA,NA,Semitryptome,256,3,2,PPFGLEAGTVFELKEEGHK,256,274,3
O04314,PBP1,PYK10-binding protein 1,1,261,NKQTSPPFGL,EAGTVFELKE,2,2,2,EAGTVFELKEEGHK;EAGTVFELK;,2,noTP,NA,NA,Semitryptome,261,2,2,EAGTVFELKEEGHK,261,274,2
Q9SR37,BGLU23,Beta-glucosidase 23,1,365,EKPDPSKPRW,MQDSLITWES,20,20,2,M[15.99]QDSLITWESK;MQDSLITWESK;,10,SP,25,0.9468,Semitryptome,365,20,10,MQDSLITWESK,365,375,20
Q9SR37,BGLU23,Beta-glucosidase 23,1,366,KPDPSKPRWM,QDSLITWESK,32,32,2,QDSLITWESK;Q[-17.03]DSLITWESK;,8,SP,25,0.9468,Semitryptome,366,32,8,QDSLITWESK,366,375,32
Q9SR37,BGLU23,Beta-glucosidase 23,1,367,PDPSKPRWMQ,DSLITWESKN,26,26,1,DSLITWESK;,10,SP,25,0.9468,Semitryptome,367,26,10,DSLITWESK,367,375,26
Q9SR37,BGLU23,Beta-glucosidase 23,1,377,DSLITWESKN,AQNYAIGSKP,54,54,4,AQNYAIGSKPLTAALNVYSR;WMQDSLITWESKN;WM[15.99]QDSLITWESKN;AQNYAIGSK;,34,SP,25,0.9468,Semitryptome,377,54,34,AQNYAIGSKPLTAALNVYSR,377,396,54
Q9SR37,BGLU23,Beta-glucosidase 23,1,378,SLITWESKNA,QNYAIGSKPL,6,6,2,QNYAIGSKPLTAALNVYSR;Q[-17.03]NYAIGSKPLTAALNVYSR;,4,SP,25,0.9468,Semitryptome,378,6,4,QNYAIGSKPLTAALNVYSR,378,396,6
Q9SR37,BGLU23,Beta-glucosidase 23,1,379,LITWESKNAQ,NYAIGSKPLT,3,3,1,NYAIGSKPLTAALNVYSR;,3,SP,25,0.9468,Semitryptome,379,3,3,NYAIGSKPLTAALNVYSR,379,396,3
Q9SR37,BGLU23,Beta-glucosidase 23,1,380,ITWESKNAQN,YAIGSKPLTA,20,20,1,YAIGSKPLTAALNVYSR;,9,SP,25,0.9468,Semitryptome,380,20,9,YAIGSKPLTAALNVYSR,380,396,20
Q9SR37,BGLU23,Beta-glucosidase 23,1,381,TWESKNAQNY,AIGSKPLTAA,25,25,1,AIGSKPLTAALNVYSR;,20,SP,25,0.9468,Semitryptome,381,25,20,AIGSKPLTAALNVYSR,381,396,25
Q9SR37,BGLU23,Beta-glucosidase 23,1,382,WESKNAQNYA,IGSKPLTAAL,10,10,1,IGSKPLTAALNVYSR;,6,SP,25,0.9468,Semitryptome,382,10,6,IGSKPLTAALNVYSR,382,396,10
Q9SR37,BGLU23,Beta-glucosidase 23,1,384,SKNAQNYAIG,SKPLTAALNV,24,24,1,SKPLTAALNVYSR;,12,SP,25,0.9468,Semitryptome,384,24,12,SKPLTAALNVYSR,384,396,24
Q9SR37,BGLU23,Beta-glucosidase 23,1,387,AQNYAIGSKP,LTAALNVYSR,11,11,2,NAQNYAIGSKP;LTAALNVYSR;,9,SP,25,0.9468,Semitryptome,387,11,9,NAQNYAIGSKP,387,397,11
Q9SR37,BGLU23,Beta-glucosidase 23,1,388,QNYAIGSKPL,TAALNVYSRG,38,38,2,NAQNYAIGSKPL;TAALNVYSR;,16,SP,25,0.9468,Semitryptome,388,38,16,NAQNYAIGSKPL,388,399,38
Q9SR37,BGLU23,Beta-glucosidase 23,1,389,NYAIGSKPLT,AALNVYSRGF,46,46,2,NAQNYAIGSKPLT;AALNVYSR;,23,SP,25,0.9468,Semitryptome,389,46,23,NAQNYAIGSKPLT,389,401,46
Q9SR37,BGLU23,Beta-glucosidase 23,1,390,YAIGSKPLTA,ALNVYSRGFR,14,14,1,NAQNYAIGSKPLTA;,10,SP,25,0.9468,Semitryptome,390,14,10,NAQNYAIGSKPLTA,390,403,14
Q9SR37,BGLU23,Beta-glucosidase 23,1,391,AIGSKPLTAA,LNVYSRGFRS,7,7,1,NAQNYAIGSKPLTAA;,6,SP,25,0.9468,Semitryptome,391,7,6,NAQNYAIGSKPLTAA,391,405,7
Q9SR37,BGLU23,Beta-glucosidase 23,1,392,IGSKPLTAAL,NVYSRGFRSL,3,3,1,NAQNYAIGSKPLTAAL;,3,SP,25,0.9468,Semitryptome,392,3,3,NAQNYAIGSKPLTAAL,392,407,3
Q9SR37,BGLU23,Beta-glucosidase 23,1,393,GSKPLTAALN,VYSRGFRSLL,18,18,1,NAQNYAIGSKPLTAALN;,10,SP,25,0.9468,Semitryptome,393,18,10,NAQNYAIGSKPLTAALN,393,409,18
Q9SR37,BGLU23,Beta-glucosidase 23,1,395,KPLTAALNVY,SRGFRSLLKY,56,56,1,NAQNYAIGSKPLTAALNVY;,22,SP,25,0.9468,Semitryptome,395,56,22,NAQNYAIGSKPLTAALNVY,395,413,56
O04313,PBP2,PYK10-binding protein 2,1,236,VEGTYDKIFG,SDGSVITMLR,13,0,2,SDGSVITM[15.99]LR;SDGSVITMLR;,5,noTP,NA,NA,Semitryptome,236,13,5,SDGSVITMLR,236,245,13
O04313,PBP2,PYK10-binding protein 2,1,234,IAVEGTYDKI,FGSDGSVITM,5,0,2,FGSDGSVITM[15.99]LR;FGSDGSVITMLR;,5,noTP,NA,NA,Semitryptome,234,5,5,FGSDGSVITMLR,234,245,5
O04313,PBP2,PYK10-binding protein 2,1,235,AVEGTYDKIF,GSDGSVITML,2,0,2,GSDGSVITM[15.99]LR;GSDGSVITMLR;,2,noTP,NA,NA,Semitryptome,235,2,2,GSDGSVITMLR,235,245,2
Q9SR37,BGLU23,Beta-glucosidase 23,1,396,PLTAALNVYS,RGFRSLLKYI,3,3,1,NAQNYAIGSKPLTAALNVYS;,2,SP,25,0.9468,Semitryptome,396,3,2,NAQNYAIGSKPLTAALNVYS,396,415,3
Q9SR37,BGLU23,Beta-glucosidase 23,1,416,KDKYANPEIM,IMENGYGEEL,47,38,6,DKYANPEIM;IM[15.99]ENGYGEELGASDSVAVGTADHNR;IMENGYGEELGASDSVAVGTADHNRK;IM[15.99]ENGYGEELGASDSVAVGTADHNRK;DKYANPEIM[15.99];IMENGYGEELGASDSVAVGTADHNR;,19,SP,25,0.9468,Semitryptome,416,47,19,DKYANPEIM,416,424,47
Q9SR37,BGLU23,Beta-glucosidase 23,1,418,KYANPEIMIM,ENGYGEELGA,24,10,5,DKYANPEIMIM[15.99];DKYANPEIM[15.99]IM;DKYANPEIMIM;ENGYGEELGASDSVAVGTADHNRK;ENGYGEELGASDSVAVGTADHNR;,16,SP,25,0.9468,Semitryptome,418,24,16,DKYANPEIMIM,418,428,24
Q9SR37,BGLU23,Beta-glucosidase 23,1,419,YANPEIMIME,NGYGEELGAS,2,2,1,NGYGEELGASDSVAVGTADHNR;,1,SP,25,0.9468,Semitryptome,419,2,1,NGYGEELGASDSVAVGTADHNR,419,440,2
Q9SR37,BGLU23,Beta-glucosidase 23,1,420,ANPEIMIMEN,GYGEELGASD,37,36,3,GYGEELGASDSVAVGTADHNRK;GYGEELGASDSVAVGTADHNR;DKYANPEIMIMEN;,19,SP,25,0.9468,Semitryptome,420,37,19,GYGEELGASDSVAVGTADHNRK,420,441,37
Q9SR37,BGLU23,Beta-glucosidase 23,1,421,NPEIMIMENG,YGEELGASDS,3,3,1,YGEELGASDSVAVGTADHNR;,3,SP,25,0.9468,Semitryptome,421,3,3,YGEELGASDSVAVGTADHNR,421,440,3
Q9SR37,BGLU23,Beta-glucosidase 23,1,422,PEIMIMENGY,GEELGASDSV,6,6,1,GEELGASDSVAVGTADHNR;,6,SP,25,0.9468,Semitryptome,422,6,6,GEELGASDSVAVGTADHNR,422,440,6
Q9SR37,BGLU23,Beta-glucosidase 23,1,423,EIMIMENGYG,EELGASDSVA,2,2,1,EELGASDSVAVGTADHNR;,2,SP,25,0.9468,Semitryptome,423,2,2,EELGASDSVAVGTADHNR,423,440,2
Q9SR37,BGLU23,Beta-glucosidase 23,1,424,IMIMENGYGE,ELGASDSVAV,6,6,2,ELGASDSVAVGTADHNRK;ELGASDSVAVGTADHNR;,5,SP,25,0.9468,Semitryptome,424,6,5,ELGASDSVAVGTADHNRK,424,441,6
Q9SR37,BGLU23,Beta-glucosidase 23,1,425,MIMENGYGEE,LGASDSVAVG,7,7,3,LGASDSVAVGTADHNRK;DKYANPEIMIM[15.99]ENGYGEE;LGASDSVAVGTADHNR;,7,SP,25,0.9468,Semitryptome,425,7,7,LGASDSVAVGTADHNRK,425,441,7
Q9SR37,BGLU23,Beta-glucosidase 23,1,426,IMENGYGEEL,GASDSVAVGT,7,7,2,GASDSVAVGTADHNR;GASDSVAVGTADHNRK;,6,SP,25,0.9468,Semitryptome,426,7,6,GASDSVAVGTADHNR,426,440,7
Q9SR37,BGLU23,Beta-glucosidase 23,1,427,MENGYGEELG,ASDSVAVGTA,11,11,2,ASDSVAVGTADHNRK;ASDSVAVGTADHNR;,9,SP,25,0.9468,Semitryptome,427,11,9,ASDSVAVGTADHNRK,427,441,11
Q9SR37,BGLU23,Beta-glucosidase 23,1,428,ENGYGEELGA,SDSVAVGTAD,4,4,1,SDSVAVGTADHNR;,2,SP,25,0.9468,Semitryptome,428,4,2,SDSVAVGTADHNR,428,440,4
Q9SR37,BGLU23,Beta-glucosidase 23,1,429,NGYGEELGAS,DSVAVGTADH,5,5,1,DSVAVGTADHNR;,5,SP,25,0.9468,Semitryptome,429,5,5,DSVAVGTADHNR,429,440,5
Q9SR37,BGLU23,Beta-glucosidase 23,1,430,GYGEELGASD,SVAVGTADHN,27,27,1,SVAVGTADHNR;,15,SP,25,0.9468,Semitryptome,430,27,15,SVAVGTADHNR,430,440,27
Q9SR37,BGLU23,Beta-glucosidase 23,1,448,HNRKYYLQRH,LLSMQEAVCI,2,2,1,LLSM[15.99]QEAVCIDK;,2,SP,25,0.9468,Semitryptome,448,2,2,LLSMQEAVCIDK,448,459,2
Q9SR37,BGLU23,Beta-glucosidase 23,1,450,RKYYLQRHLL,SMQEAVCIDK,8,8,2,SM[15.99]QEAVCIDK;SMQEAVCIDK;,6,SP,25,0.9468,Semitryptome,450,8,6,SMQEAVCIDK,450,459,8
Q9SR37,BGLU23,Beta-glucosidase 23,1,451,KYYLQRHLLS,MQEAVCIDKV,6,6,2,MQEAVCIDK;M[15.99]QEAVCIDK;,5,SP,25,0.9468,Semitryptome,451,6,5,MQEAVCIDK,451,459,6
Q9SR37,BGLU23,Beta-glucosidase 23,1,456,RHLLSMQEAV,CIDKVNVTGY,2,2,1,HLLSM[15.99]QEAV;,1,SP,25,0.9468,Semitryptome,456,2,1,HLLSMQEAV,456,464,2
Q9SR37,BGLU23,Beta-glucosidase 23,1,469,KVNVTGYFVW,SLLDNFEWQD,37,0,2,SLLDNFEWQDGYKNR;SLLDNFEWQDGYK;,21,SP,25,0.9468,Semitryptome,469,37,21,SLLDNFEWQDGYKNR,469,483,37
Q9SR37,BGLU23,Beta-glucosidase 23,1,470,VNVTGYFVWS,LLDNFEWQDG,10,0,1,LLDNFEWQDGYK;,6,SP,25,0.9468,Semitryptome,470,10,6,LLDNFEWQDGYK,470,481,10
Q9SR37,BGLU23,Beta-glucosidase 23,1,471,NVTGYFVWSL,LDNFEWQDGY,3,0,1,LDNFEWQDGYK;,2,SP,25,0.9468,Semitryptome,471,3,2,LDNFEWQDGYK,471,481,3
Q9SR37,BGLU23,Beta-glucosidase 23,1,472,VTGYFVWSLL,DNFEWQDGYK,11,0,1,DNFEWQDGYK;,10,SP,25,0.9468,Semitryptome,472,11,10,DNFEWQDGYK,472,481,11
Q9SR37,BGLU23,Beta-glucosidase 23,1,473,TGYFVWSLLD,NFEWQDGYKN,3,0,1,NFEWQDGYK;,3,SP,25,0.9468,Semitryptome,473,3,3,NFEWQDGYK,473,481,3
Q9SR37,BGLU23,Beta-glucosidase 23,1,494,FGLYYVDFKN,NLTRYEKESG,3,0,1,FGLYYVDFKN;,1,SP,25,0.9468,Semitryptome,494,3,1,FGLYYVDFKN,494,503,3
Q9SR37,BGLU23,Beta-glucosidase 23,1,510,KESGKYYKDF,LSQGVRPSAL,5,5,1,LSQGVRPSALK;,5,SP,25,0.9468,Semitryptome,510,5,5,LSQGVRPSALK,510,520,5
Q9SR37,BGLU23,Beta-glucosidase 23,1,513,GKYYKDFLSQ,GVRPSALKKD,8,8,1,YYKDFLSQ;,5,SP,25,0.9468,Semitryptome,513,8,5,YYKDFLSQ,513,520,8
O04313,PBP2,PYK10-binding protein 2,1,257,KTNKQTSPPF,GLEAGTAFEL,10,0,2,GLEAGTAFELKEEGHK;GLEAGTAFELK;,9,noTP,NA,NA,Semitryptome,257,10,9,GLEAGTAFELKEEGHK,257,272,10
O04313,PBP2,PYK10-binding protein 2,1,260,KQTSPPFGLE,AGTAFELKEE,4,0,1,TNKQTSPPFGLE;,2,noTP,NA,NA,Semitryptome,260,4,2,TNKQTSPPFGLE,260,271,4
O04313,PBP2,PYK10-binding protein 2,1,261,QTSPPFGLEA,GTAFELKEEG,3,0,1,GTAFELKEEGHK;,3,noTP,NA,NA,Semitryptome,261,3,3,GTAFELKEEGHK,261,272,3
O04313,PBP2,PYK10-binding protein 2,1,252,TMLRFKTNKQ,TSPPFGLEAG,3,3,1,TSPPFGLEAGTAFELKEEGHK;,1,noTP,NA,NA,Semitryptome,252,3,1,TSPPFGLEAGTAFELKEEGHK,252,272,3
O04313,PBP2,PYK10-binding protein 2,1,262,TSPPFGLEAG,TAFELKEEGH,2,0,1,TAFELKEEGHK;,2,noTP,NA,NA,Semitryptome,262,2,2,TAFELKEEGHK,262,272,2
Q9SR37,BGLU23,Beta-glucosidase 23,1,517,KDFLSQGVRP,SALKKDEL__,9,9,1,DFLSQGVRP;,5,SP,25,0.9468,Semitryptome,517,9,5,DFLSQGVRP,517,525,9
Q9SR37,BGLU23,Beta-glucosidase 23,1,518,DFLSQGVRPS,ALKKDEL___,77,77,1,DFLSQGVRPS;,31,SP,25,0.9468,Semitryptome,518,77,31,DFLSQGVRPS,518,527,77
Q9SR37,BGLU23,Beta-glucosidase 23,1,519,FLSQGVRPSA,LKKDEL____,36,36,1,DFLSQGVRPSA;,15,SP,25,0.9468,Semitryptome,519,36,15,DFLSQGVRPSA,519,529,36
Q9SR37,BGLU23,Beta-glucosidase 23,1,520,LSQGVRPSAL,KKDEL_____,75,75,1,DFLSQGVRPSAL;,22,SP,25,0.9468,Semitryptome,520,75,22,DFLSQGVRPSAL,520,531,75
O04314,PBP1,PYK10-binding protein 1,1,290,GRADVLLHKI,GVHVRPLSN_,2,2,1,GVHVRPLSN;,2,noTP,NA,NA,Semitryptome,290,2,2,GVHVRPLSN,290,298,2
