nterm_modif_peptide,"LogFC
5 vs 0","LogFC 
30 vs 0","LogFC 
60 vs 0","LogFC
180 vs 0","LogFC
480 vs 0",gene_nterm_modif_peptide_cleavage_site,nterm_modif,peptide,protein,gene,five_residues_before,five_residues_after,ten_residues_before,ten_residues_after,cleavage_site,cleavage_sequence,cleavage_sequence_10,peptide_protease_specificity,first_aa_residue,preceding_aa_residue,last_aa_residue,preceding_aa_position,first_aa_position,preceding_aa_position_relative,matching_uniprot_processing_type,matching_targetp_processing_type,processing_type_terminer,processing_type_consolidated,source_processing_type_consolidated,dataset,start,end,max_abs_logfc,mean_logfc,weight
Dimethyl_DKYANPEIMIMENGYGEELGASDSVAVGTADHNR,4.43259191996434,4.19062906666713,5.33225844199759,5.5926020337122,6.25010437038127,"LEB, BGLU23, PYK10, PSR3.1_Dimethyl-DKYANPEIMIMENGYGEELGASDSVAVGTADHNR_407_LKYIK | DKYAN",Dimethyl,DKYANPEIMIMENGYGEELGASDSVAVGTADHNR,AT3G09260.1,"LEB, BGLU23, PYK10, PSR3.1",LKYIK,DKYAN,GFRSLLKYIK,DKYANPEIMI,407,LKYIKDKYAN,GFRSLLKYIKDKYANPEIMI,specific,D,K,R,406,407,77.4809160305343,not_canonical,not_canonical,not_canonical,not_canonical,Other,HUNTER MJ,407,440,6.25010437038127,5.159637166544505,6.25010437038127
Acetyl_AHDLADSQDGASIDR,,5.93827016450034,5.12920758807772,5.59671441017301,6.78459412110755,"LEB, BGLU23, PYK10, PSR3.1_Acetyl-AHDLADSQDGASIDR_279_PAWFE | AHDLA",Acetyl,AHDLADSQDGASIDR,AT3G09260.1,"LEB, BGLU23, PYK10, PSR3.1",PAWFE,AHDLA,GIAHSPAWFE,AHDLADSQDG,279,PAWFEAHDLA,GIAHSPAWFEAHDLADSQDG,semi_Nterm,A,E,R,278,279,53.0534351145038,not_canonical,not_canonical,not_canonical,not_canonical,Other,HUNTER MJ,279,293,6.78459412110755,5.862196570964655,6.78459412110755
Dimethyl_AALNVYSR,3.73612620200762,3.6638508153778,3.75899724684743,3.78460569735231,4.76920503413432,"LEB, BGLU23, PYK10, PSR3.1_Dimethyl-AALNVYSR_389_SKPLT | AALNV",Dimethyl,AALNVYSR,AT3G09260.1,"LEB, BGLU23, PYK10, PSR3.1",SKPLT,AALNV,NYAIGSKPLT,AALNVYSRGF,389,SKPLTAALNV,NYAIGSKPLTAALNVYSRGF,semi_Nterm,A,T,R,388,389,74.0458015267175,not_canonical,not_canonical,not_canonical,not_canonical,Other,HUNTER MJ,389,396,4.76920503413432,3.9425569991438962,4.76920503413432
Dimethyl_ITWESKNAQNYAIGSKPLTAALNVYSR,2.79964602861065,3.72854185218639,3.27515461843314,3.51156007040328,4.1764364244494,"LEB, BGLU23, PYK10, PSR3.1_Dimethyl-ITWESKNAQNYAIGSKPLTAALNVYSR_370_MQDSL | ITWES",Dimethyl,ITWESKNAQNYAIGSKPLTAALNVYSR,AT3G09260.1,"LEB, BGLU23, PYK10, PSR3.1",MQDSL,ITWES,SKPRWMQDSL,ITWESKNAQN,370,MQDSLITWES,SKPRWMQDSLITWESKNAQN,semi_Nterm,I,L,R,369,370,70.4198473282442,not_canonical,not_canonical,not_canonical,not_canonical,Other,HUNTER MJ,370,396,4.1764364244494,3.498267798816572,4.1764364244494
Dimethyl_SKPLTAALNVYSR,3.16035441896242,2.92944301819043,2.34257305890595,2.40948557684969,2.69961533877923,"LEB, BGLU23, PYK10, PSR3.1_Dimethyl-SKPLTAALNVYSR_384_NYAIG | SKPLT",Dimethyl,SKPLTAALNVYSR,AT3G09260.1,"LEB, BGLU23, PYK10, PSR3.1",NYAIG,SKPLT,SKNAQNYAIG,SKPLTAALNV,384,NYAIGSKPLT,SKNAQNYAIGSKPLTAALNV,semi_Nterm,S,G,R,383,384,73.0916030534351,not_canonical,not_canonical,not_canonical,not_canonical,Other,HUNTER MJ,384,396,3.16035441896242,2.708294282337544,3.16035441896242
Dimethyl_IGSKPLTAALNVYSR,3.17988795352665,2.57903715975122,2.23756166885631,2.20496784190466,2.26667473232387,"LEB, BGLU23, PYK10, PSR3.1_Dimethyl-IGSKPLTAALNVYSR_382_AQNYA | IGSKP",Dimethyl,IGSKPLTAALNVYSR,AT3G09260.1,"LEB, BGLU23, PYK10, PSR3.1",AQNYA,IGSKP,WESKNAQNYA,IGSKPLTAAL,382,AQNYAIGSKP,WESKNAQNYAIGSKPLTAAL,semi_Nterm,I,A,R,381,382,72.7099236641221,not_canonical,not_canonical,not_canonical,not_canonical,Other,HUNTER MJ,382,396,3.17988795352665,2.493625871272542,3.17988795352665
Acetyl_LTAALNVYSR,2.71360264468692,2.29110442911594,1.8257986329282,1.12057928447194,1.36044256462706,"LEB, BGLU23, PYK10, PSR3.1_Acetyl-LTAALNVYSR_387_IGSKP | LTAAL",Acetyl,LTAALNVYSR,AT3G09260.1,"LEB, BGLU23, PYK10, PSR3.1",IGSKP,LTAAL,AQNYAIGSKP,LTAALNVYSR,387,IGSKPLTAAL,AQNYAIGSKPLTAALNVYSR,semi_Nterm,L,P,R,386,387,73.6641221374045,not_canonical,not_canonical,not_canonical,not_canonical,Other,HUNTER MJ,387,396,2.71360264468692,1.8623055111660123,2.71360264468692
Acetyl_VFSHAGYDVGKKAPGR,,,3.15510905387889,,5.21880882767238,"LEB, BGLU23, PYK10, PSR3.1_Acetyl-VFSHAGYDVGKKAPGR_206_FNEPW | VFSHA",Acetyl,VFSHAGYDVGKKAPGR,AT3G09260.1,"LEB, BGLU23, PYK10, PSR3.1",FNEPW,VFSHA,KHWITFNEPW,VFSHAGYDVG,206,FNEPWVFSHA,KHWITFNEPWVFSHAGYDVG,semi_Nterm,V,W,R,205,206,39.1221374045801,not_canonical,not_canonical,not_canonical,not_canonical,Other,HUNTER MJ,206,221,5.21880882767238,4.186958940775635,5.21880882767238
Dimethyl_NAQNYAIGSKPLTAALNVYSR,,1.67763993695879,1.73155282723657,2.03489185805593,2.54371151650443,"LEB, BGLU23, PYK10, PSR3.1_Dimethyl-NAQNYAIGSKPLTAALNVYSR_376_TWESK | NAQNY",Dimethyl,NAQNYAIGSKPLTAALNVYSR,AT3G09260.1,"LEB, BGLU23, PYK10, PSR3.1",TWESK,NAQNY,QDSLITWESK,NAQNYAIGSK,376,TWESKNAQNY,QDSLITWESKNAQNYAIGSK,specific,N,K,R,375,376,71.5648854961832,not_canonical,not_canonical,not_canonical,not_canonical,Other,HUNTER MJ,376,396,2.54371151650443,1.9969490346889298,2.54371151650443
Dimethyl_SHAGYDVGKKAPGR,,,3.58901139302372,,3.72430800455786,"LEB, BGLU23, PYK10, PSR3.1_Dimethyl-SHAGYDVGKKAPGR_208_EPWVF | SHAGY",Dimethyl,SHAGYDVGKKAPGR,AT3G09260.1,"LEB, BGLU23, PYK10, PSR3.1",EPWVF,SHAGY,WITFNEPWVF,SHAGYDVGKK,208,EPWVFSHAGY,WITFNEPWVFSHAGYDVGKK,semi_Nterm,S,F,R,207,208,39.5038167938931,not_canonical,not_canonical,not_canonical,not_canonical,Other,HUNTER MJ,208,221,3.72430800455786,3.65665969879079,3.72430800455786
Dimethyl_AYLVTHNLLISHAEAVEAYR,,,,3.74467650201653,,"LEB, BGLU23, PYK10, PSR3.1_Dimethyl-AYLVTHNLLISHAEAVEAYR_239_RSGYE | AYLVT",Dimethyl,AYLVTHNLLISHAEAVEAYR,AT3G09260.1,"LEB, BGLU23, PYK10, PSR3.1",RSGYE,AYLVT,KCQDGRSGYE,AYLVTHNLLI,239,RSGYEAYLVT,KCQDGRSGYEAYLVTHNLLI,semi_Nterm,A,E,R,238,239,45.4198473282442,not_canonical,not_canonical,not_canonical,not_canonical,Other,HUNTER MJ,239,258,3.74467650201653,3.74467650201653,3.74467650201653
Dimethyl_SKNAQNYAIGSKPLTAALNVYSR,0.623047506122691,0.561717799083954,0.626203541759707,0.764527676328892,0.821917049289922,"LEB, BGLU23, PYK10, PSR3.1_Dimethyl-SKNAQNYAIGSKPLTAALNVYSR_374_LITWE | SKNAQ",Dimethyl,SKNAQNYAIGSKPLTAALNVYSR,AT3G09260.1,"LEB, BGLU23, PYK10, PSR3.1",LITWE,SKNAQ,WMQDSLITWE,SKNAQNYAIG,374,LITWESKNAQ,WMQDSLITWESKNAQNYAIG,semi_Nterm,S,E,R,373,374,71.1832061068702,not_canonical,not_canonical,not_canonical,not_canonical,Other,HUNTER MJ,374,396,0.821917049289922,0.6794827145170331,0.821917049289922
Dimethyl_CSSYVNAKCQDGR,,,,1.75757551815118,1.52155068569217,"LEB, BGLU23, PYK10, PSR3.1_Dimethyl-CSSYVNAKCQDGR_222_KAPGR | CSSYV",Dimethyl,CSSYVNAKCQDGR,AT3G09260.1,"LEB, BGLU23, PYK10, PSR3.1",KAPGR,CSSYV,YDVGKKAPGR,CSSYVNAKCQ,222,KAPGRCSSYV,YDVGKKAPGRCSSYVNAKCQ,specific,C,R,R,221,222,42.1755725190839,not_canonical,not_canonical,not_canonical,not_canonical,Other,HUNTER MJ,222,234,1.75757551815118,1.639563101921675,1.75757551815118
Acetyl_ITWESKNAQNYAIGSKPLTAALNVYSR,,,,,3.16256135040716,"LEB, BGLU23, PYK10, PSR3.1_Acetyl-ITWESKNAQNYAIGSKPLTAALNVYSR_370_MQDSL | ITWES",Acetyl,ITWESKNAQNYAIGSKPLTAALNVYSR,AT3G09260.1,"LEB, BGLU23, PYK10, PSR3.1",MQDSL,ITWES,SKPRWMQDSL,ITWESKNAQN,370,MQDSLITWES,SKPRWMQDSLITWESKNAQN,semi_Nterm,I,L,R,369,370,70.4198473282442,not_canonical,not_canonical,not_canonical,not_canonical,Other,HUNTER MJ,370,396,3.16256135040716,3.16256135040716,3.16256135040716
Dimethyl_WESKNAQNYAIGSKPLTAALNVYSR,0.929679702924563,0.944713702363078,,,,"LEB, BGLU23, PYK10, PSR3.1_Dimethyl-WESKNAQNYAIGSKPLTAALNVYSR_372_DSLIT | WESKN",Dimethyl,WESKNAQNYAIGSKPLTAALNVYSR,AT3G09260.1,"LEB, BGLU23, PYK10, PSR3.1",DSLIT,WESKN,PRWMQDSLIT,WESKNAQNYA,372,DSLITWESKN,PRWMQDSLITWESKNAQNYA,semi_Nterm,W,T,R,371,372,70.8015267175572,not_canonical,not_canonical,not_canonical,not_canonical,Other,HUNTER MJ,372,396,0.944713702363078,0.9371967026438205,0.944713702363078
Dimethyl_CNNDNGDVAVDFFHR,,,,0.633612298502779,0.741022228126262,"LEB, BGLU23, PYK10, PSR3.1_Dimethyl-CNNDNGDVAVDFFHR_80_RYPER | CNNDN",Dimethyl,CNNDNGDVAVDFFHR,AT3G09260.1,"LEB, BGLU23, PYK10, PSR3.1",RYPER,CNNDN,DIYCRRYPER,CNNDNGDVAV,80,RYPERCNNDN,DIYCRRYPERCNNDNGDVAV,specific,C,R,R,79,80,15.0763358778625,not_canonical,not_canonical,not_canonical,not_canonical,Other,HUNTER MJ,80,94,0.741022228126262,0.6873172633145205,0.741022228126262
Dimethyl_DGPVCPPSNKLSR,,,,0.675313783774615,0.55603453426913,"LEB, BGLU23, PYK10, PSR3.1_Dimethyl-DGPVCPPSNKLSR_25_SPANA | DGPVC",Dimethyl,DGPVCPPSNKLSR,AT3G09260.1,"LEB, BGLU23, PYK10, PSR3.1",SPANA,DGPVC,LTIVASPANA,DGPVCPPSNK,25,SPANADGPVC,LTIVASPANADGPVCPPSNK,semi_Nterm,D,A,R,24,25,4.58015267175572,not_canonical,SIGNAL,SIGNAL,SP,TargetP,HUNTER MJ,25,37,0.675313783774615,0.6156741590218725,0.675313783774615
Acetyl_WMQDSLITWESKNAQNYAIGSKPLTAALNVYSR,,,,1.00254263277659,,"LEB, BGLU23, PYK10, PSR3.1_Acetyl-WMQDSLITWESKNAQNYAIGSKPLTAALNVYSR_364_PSKPR | WMQDS",Acetyl,WMQDSLITWESKNAQNYAIGSKPLTAALNVYSR,AT3G09260.1,"LEB, BGLU23, PYK10, PSR3.1",PSKPR,WMQDS,LEKPDPSKPR,WMQDSLITWE,364,PSKPRWMQDS,LEKPDPSKPRWMQDSLITWE,specific,W,R,R,363,364,69.2748091603053,not_canonical,not_canonical,not_canonical,not_canonical,Other,HUNTER MJ,364,396,1.00254263277659,1.00254263277659,1.00254263277659
Dimethyl_ASPANADGPVCPPSNKLSR,,,,0.588598200019873,,"LEB, BGLU23, PYK10, PSR3.1_Dimethyl-ASPANADGPVCPPSNKLSR_19_LLTIV | ASPAN",Dimethyl,ASPANADGPVCPPSNKLSR,AT3G09260.1,"LEB, BGLU23, PYK10, PSR3.1",LLTIV,ASPAN,IGLLLLLTIV,ASPANADGPV,19,LLTIVASPAN,IGLLLLLTIVASPANADGPV,semi_Nterm,A,V,R,18,19,3.43511450381679,not_canonical,not_canonical,not_canonical,not_canonical,Other,HUNTER MJ,19,37,0.588598200019873,0.588598200019873,0.588598200019873
Dimethyl_GGKIGIAHSPAWFEAHDLADSQDGASIDR,,,,0.587014798228732,,"LEB, BGLU23, PYK10, PSR3.1_Dimethyl-GGKIGIAHSPAWFEAHDLADSQDGASIDR_265_CEKCK | GGKIG",Dimethyl,GGKIGIAHSPAWFEAHDLADSQDGASIDR,AT3G09260.1,"LEB, BGLU23, PYK10, PSR3.1",CEKCK,GGKIG,EAYRKCEKCK,GGKIGIAHSP,265,CEKCKGGKIG,EAYRKCEKCKGGKIGIAHSP,specific,G,K,R,264,265,50.3816793893129,not_canonical,not_canonical,not_canonical,not_canonical,Other,HUNTER MJ,265,293,0.587014798228732,0.587014798228732,0.587014798228732
Acetyl_YPERCNNDNGDVAVDFFHR,,,-0.614619205507054,,,"LEB, BGLU23, PYK10, PSR3.1_Acetyl-YPERCNNDNGDVAVDFFHR_76_IYCRR | YPERC",Acetyl,YPERCNNDNGDVAVDFFHR,AT3G09260.1,"LEB, BGLU23, PYK10, PSR3.1",IYCRR,YPERC,PALWDIYCRR,YPERCNNDNG,76,IYCRRYPERC,PALWDIYCRRYPERCNNDNG,specific,Y,R,R,75,76,14.3129770992366,not_canonical,not_canonical,not_canonical,not_canonical,Other,HUNTER MJ,76,94,0.614619205507054,-0.614619205507054,0.614619205507054
Acetyl_DKYANPEIMIMENGYGEELGASDSVAVGTADHNR,,,,,-0.63322656762342,"LEB, BGLU23, PYK10, PSR3.1_Acetyl-DKYANPEIMIMENGYGEELGASDSVAVGTADHNR_407_LKYIK | DKYAN",Acetyl,DKYANPEIMIMENGYGEELGASDSVAVGTADHNR,AT3G09260.1,"LEB, BGLU23, PYK10, PSR3.1",LKYIK,DKYAN,GFRSLLKYIK,DKYANPEIMI,407,LKYIKDKYAN,GFRSLLKYIKDKYANPEIMI,specific,D,K,R,406,407,77.4809160305343,not_canonical,not_canonical,not_canonical,not_canonical,Other,HUNTER MJ,407,440,0.63322656762342,-0.63322656762342,0.63322656762342
Acetyl_LITWESKNAQNYAIGSKPLTAALNVYSR,,-0.760871585003133,-0.802489998895456,,,"LEB, BGLU23, PYK10, PSR3.1_Acetyl-LITWESKNAQNYAIGSKPLTAALNVYSR_369_WMQDS | LITWE",Acetyl,LITWESKNAQNYAIGSKPLTAALNVYSR,AT3G09260.1,"LEB, BGLU23, PYK10, PSR3.1",WMQDS,LITWE,PSKPRWMQDS,LITWESKNAQ,369,WMQDSLITWE,PSKPRWMQDSLITWESKNAQ,semi_Nterm,L,S,R,368,369,70.2290076335877,not_canonical,not_canonical,not_canonical,not_canonical,Other,HUNTER MJ,369,396,0.802489998895456,-0.7816807919492945,0.802489998895456
Dimethyl_KKAPGRCSSYVNAKCQDGR,,,-0.741807727585975,,-1.12934720781775,"LEB, BGLU23, PYK10, PSR3.1_Dimethyl-KKAPGRCSSYVNAKCQDGR_216_GYDVG | KKAPG",Dimethyl,KKAPGRCSSYVNAKCQDGR,AT3G09260.1,"LEB, BGLU23, PYK10, PSR3.1",GYDVG,KKAPG,VFSHAGYDVG,KKAPGRCSSY,216,GYDVGKKAPG,VFSHAGYDVGKKAPGRCSSY,semi_Nterm,K,G,R,215,216,41.030534351145,not_canonical,not_canonical,not_canonical,not_canonical,Other,HUNTER MJ,216,234,1.12934720781775,-0.9355774677018625,1.12934720781775
Dimethyl_VFSNHLEKPDPSKPR,,,-0.832667652568092,-0.806514718959087,-0.850885559822597,"LEB, BGLU23, PYK10, PSR3.1_Dimethyl-VFSNHLEKPDPSKPR_349_NYYTS | VFSNH",Dimethyl,VFSNHLEKPDPSKPR,AT3G09260.1,"LEB, BGLU23, PYK10, PSR3.1",NYYTS,VFSNH,DFVGLNYYTS,VFSNHLEKPD,349,NYYTSVFSNH,DFVGLNYYTSVFSNHLEKPD,semi_Nterm,V,S,R,348,349,66.412213740458,not_canonical,not_canonical,not_canonical,not_canonical,Other,HUNTER MJ,349,363,0.850885559822597,-0.8300226437832587,0.850885559822597
Dimethyl_LITWESKNAQNYAIGSKPLTAALNVYSR,,-6.45322636134592,-6.87578746045275,-7.37669975224074,-6.72954726223051,"LEB, BGLU23, PYK10, PSR3.1_Dimethyl-LITWESKNAQNYAIGSKPLTAALNVYSR_369_WMQDS | LITWE",Dimethyl,LITWESKNAQNYAIGSKPLTAALNVYSR,AT3G09260.1,"LEB, BGLU23, PYK10, PSR3.1",WMQDS,LITWE,PSKPRWMQDS,LITWESKNAQ,369,WMQDSLITWE,PSKPRWMQDSLITWESKNAQ,semi_Nterm,L,S,R,368,369,70.2290076335877,not_canonical,not_canonical,not_canonical,not_canonical,Other,HUNTER MJ,369,396,7.37669975224074,-6.8588152090674805,7.37669975224074
