Protein,www,Description,MapMan Bin(s),PPDB Mit.,PPDB Chl.,Start,End,Sequence,P10,P'10,P10+sequence,Unnamed,P10'P10,Isoforms,log2,sd,#,log2.1,sd.1,#.1,log2.2,sd.2,#.2,log2.3,sd.3,#.3,log2.4,sd.4,#.4,log2.5,sd.5,#.5,log2.6,sd.6,#.6,log2.7,sd.7,#.7,log2.8,sd.8,#.8,#.9,Mean,Score,log2.9,sd.9,#.10,log2.10,sd.10,#.11,log2.11,sd.11,#.12,log2.12,sd.12,#.13,log2.13,sd.13,#.14,log2.14,sd.14,#.15,log2.15,sd.15,#.16,log2.16,sd.16,#.17,#.18,Mean.1,Score.1,log2.17,sd.17,#.19,log2.18,sd.18,#.20,log2.19,sd.19,#.21,log2.20,sd.20,#.22,log2.21,sd.21,#.23,log2.22,sd.22,#.24,#.25,Mean.2,Score.2,log2.23,sd.23,#.26,log2.24,sd.24,#.27,#.28,Mean.3,Score.3,#.29,Score.4,#.30,Score.5,#.31,Score.6,#.32,Score.7,Score.8,Unnamed.1,Unnamed.2,Unnamed.3,Unnamed.4,Unnamed.5,Unnamed.6,Unnamed.7,Unnamed.8,Unnamed.9,Unnamed.10,Unnamed.11,Unnamed.12,Unnamed.13,Unnamed.14,Unnamed.15,Unnamed.16,Unnamed.17,Unnamed.18,Unnamed.19,Unnamed.20,Unnamed.21,Unnamed.22,Unnamed.23,Unnamed.24,Unnamed.25,Unnamed.26,Unnamed.27,dataset,cleavage_site,peptide,start,end,metacaspase_score_max,weight
AT3G09260.1,https://www.arabidopsis.org/servlets/Search?type=general&search_action=detail&method=1&show_obsolete=F&name=AT3G09260.1&sub_type=gene&SEARCH_EXACT=4&SEARCH_CONTAINS=1),"Symbols: PYK10, PSR3.1, BGLU23 | PYK10; beta-glucosidase/ copper ion binding / fucosidase/ hydrolase, hydrolyzing O-glycosyl compounds | chr3:2840477-2843781 REVERSE","misc.gluco-, galacto- and mannosidases (26.3)",,,284,293,DSQDGASIDR,PAWFEAHDLA,DSQDGASIDR,PAWFEAHDLADSQDGASIDR,11,PAWFEAHDLADSQDGASIDR,AT3G09260.1 (284-293)#,-0.41,0,1,0.0,0,0,0.0,0,0,0.21,0.08,2,0.29,1.27,3,0.5,0.12,5,0.17,0.07,2,0.0,0,0,-0.33,0.0,1,0,0.0,0.0,0,0,0,0,0,0,0.0,0,0,0.0,0,0,0,0,0,0,0,0,0,0,0,0,0,0,0,0.0,0.0,0,0,0,0,0,0,-0.32,0,1,-0.61,0,1,0.0,0,0,0.0,0,0,1,-0.6062704,0.61,0.0,0.0,0,0.0,0.0,0,0,0.0,0.0,0,0.0,0,0.0,1,0.61,0,0.0,0.1525,,,,,,,,,,,,,,,,,,,,,,,,,,,,Metacaspase matrix,284,DSQDGASIDR,284,293,0.61,0.61
AT3G09260.1,https://www.arabidopsis.org/servlets/Search?type=general&search_action=detail&method=1&show_obsolete=F&name=AT3G09260.1&sub_type=gene&SEARCH_EXACT=4&SEARCH_CONTAINS=1),"Symbols: PYK10, PSR3.1, BGLU23 | PYK10; beta-glucosidase/ copper ion binding / fucosidase/ hydrolase, hydrolyzing O-glycosyl compounds | chr3:2840477-2843781 REVERSE","misc.gluco-, galacto- and mannosidases (26.3)",,,23,37,NADGPVCPPSNKLSR,LLLTIVASPA,NADGPVCPPS,LLLTIVASPANADGPVCPPSNKLSR,11,LLLTIVASPANADGPVCPPS,AT3G09260.1 (23-37)#,0.0,0,0,0.0,0,0,0.0,0,0,0.0,0.0,0,0.0,0.0,0,0.0,0.0,0,0.0,0.0,0,0.0,0,0,-0.22,0.0,1,0,0.0,0.0,0,0,0,0,0,0,0.0,0,0,0.0,0,0,0,0,0,0,0,0,0,0,0,0,0,0,0,0.0,0.0,0,0,0,0,0,0,0.0,0,0,0.0,0,0,0.0,0,0,0.0,0,0,0,0.0,0.0,0.0,0.0,0,0.0,0.0,0,0,0.0,0.0,0,0.0,0,0.0,0,0.0,0,0.0,0.0,,,,,,,,,,,,,,,,,,,,,,,,,,,,Metacaspase matrix,23,NADGPVCPPSNKLSR,23,37,0.0,0.0
AT3G09260.1,https://www.arabidopsis.org/servlets/Search?type=general&search_action=detail&method=1&show_obsolete=F&name=AT3G09260.1&sub_type=gene&SEARCH_EXACT=4&SEARCH_CONTAINS=1),"Symbols: PYK10, PSR3.1, BGLU23 | PYK10; beta-glucosidase/ copper ion binding / fucosidase/ hydrolase, hydrolyzing O-glycosyl compounds | chr3:2840477-2843781 REVERSE","misc.gluco-, galacto- and mannosidases (26.3)",,,55,64,VEGAINETCR,LFGTATAAYQ,VEGAINETCR,LFGTATAAYQVEGAINETCR,11,LFGTATAAYQVEGAINETCR,AT1G66270.2 (56-65)#AT1G66280.1 (56-65)#AT1G66270.1 (56-65)#AT3G09260.1 (55-64)#,0.0,0,0,0.0,0,0,0.0,0,0,0.0,0.0,0,0.09,0.0,1,0.06,0.0,1,0.0,0.0,0,0.0,0,0,0.0,0.0,0,0,0.0,0.0,0,0,0,0,0,0,0.0,0,0,0.0,0,0,0,0,0,0,0,0,0,0,0,0,0,0,0,0.0,0.0,0,0,0,0,0,0,0.0,0,0,0.0,0,0,0.0,0,0,0.0,0,0,0,0.0,0.0,0.0,0.0,0,0.0,0.0,0,0,0.0,0.0,0,0.0,0,0.0,0,0.0,0,0.0,0.0,,,,,,,,,,,,,,,,,,,,,,,,,,,,Metacaspase matrix,55,VEGAINETCR,55,64,0.0,0.0
AT3G09260.1,https://www.arabidopsis.org/servlets/Search?type=general&search_action=detail&method=1&show_obsolete=F&name=AT3G09260.1&sub_type=gene&SEARCH_EXACT=4&SEARCH_CONTAINS=1),"Symbols: PYK10, PSR3.1, BGLU23 | PYK10; beta-glucosidase/ copper ion binding / fucosidase/ hydrolase, hydrolyzing O-glycosyl compounds | chr3:2840477-2843781 REVERSE","misc.gluco-, galacto- and mannosidases (26.3)",,,57,64,GAINETCR,GTATAAYQVE,GAINETCRGP,GTATAAYQVEGAINETCR,11,GTATAAYQVEGAINETCRGP,AT1G66270.2 (58-65)#AT1G66280.1 (58-65)#AT1G66270.1 (58-65)#AT3G09260.1 (57-64)#,0.0,0,0,0.0,0,0,0.0,0,0,0.0,0.0,0,-0.1,0.0,1,0.0,0.0,0,0.0,0.0,0,0.0,0,0,0.0,0.0,0,0,0.0,0.0,0,0,0,0,0,0,0.0,0,0,0.0,0,0,0,0,0,0,0,0,0,0,0,0,0,0,0,0.0,0.0,0,0,0,0,0,0,0.0,0,0,0.0,0,0,0.0,0,0,0.0,0,0,0,0.0,0.0,0.0,0.0,0,0.0,0.0,0,0,0.0,0.0,0,0.0,0,0.0,0,0.0,0,0.0,0.0,,,,,,,,,,,,,,,,,,,,,,,,,,,,Metacaspase matrix,57,GAINETCR,57,64,0.0,0.0
AT3G09260.1,https://www.arabidopsis.org/servlets/Search?type=general&search_action=detail&method=1&show_obsolete=F&name=AT3G09260.1&sub_type=gene&SEARCH_EXACT=4&SEARCH_CONTAINS=1),"Symbols: PYK10, PSR3.1, BGLU23 | PYK10; beta-glucosidase/ copper ion binding / fucosidase/ hydrolase, hydrolyzing O-glycosyl compounds | chr3:2840477-2843781 REVERSE","misc.gluco-, galacto- and mannosidases (26.3)",,,80,93,CNNDNGDVAVDFFH,DIYCRRYPER,CNNDNGDVAV,DIYCRRYPERCNNDNGDVAVDFFH,11,DIYCRRYPERCNNDNGDVAV,AT3G09260.1 (80-93)#,0.0,0,0,0.0,0,0,0.0,0,0,0.0,0.0,0,0.0,0.0,0,0.0,0.0,0,0.0,0.0,0,0.0,0,0,0.0,0.0,0,0,0.0,0.0,0,0,0,0,0,0,0.0,0,0,0.0,0,0,0,0,0,0,0,0,0,0,0,0,0,0,0,0.0,0.0,0,0,0,0,0,0,0.0,0,0,0.0,0,0,0.0,0,0,0.0,0,0,0,0.0,0.0,0.0,0.0,0,0.29,0.0,1,0,0.0,0.0,0,0.0,0,0.0,0,0.0,0,0.0,0.0,,,,,,,,,,,,,,,,,,,,,,,,,,,,Metacaspase matrix,80,CNNDNGDVAVDFFH,80,93,0.0,0.0
AT3G09260.1,https://www.arabidopsis.org/servlets/Search?type=general&search_action=detail&method=1&show_obsolete=F&name=AT3G09260.1&sub_type=gene&SEARCH_EXACT=4&SEARCH_CONTAINS=1),"Symbols: PYK10, PSR3.1, BGLU23 | PYK10; beta-glucosidase/ copper ion binding / fucosidase/ hydrolase, hydrolyzing O-glycosyl compounds | chr3:2840477-2843781 REVERSE","misc.gluco-, galacto- and mannosidases (26.3)",,,82,94,NDNGDVAVDFFHR,YCRRYPERCN,NDNGDVAVDF,YCRRYPERCNNDNGDVAVDFFHR,11,YCRRYPERCNNDNGDVAVDF,AT3G09260.1 (82-94)#,0.0,0,0,0.0,0,0,0.0,0,0,0.0,0.0,0,0.0,0.0,0,0.0,0.0,0,0.0,0.0,0,0.0,0,0,0.0,0.0,0,0,0.0,0.0,0,0,0,0,0,0,0.0,0,0,0.0,0,0,0,0,0,0,0,0,0,0,0,0,0,0,0,0.0,0.0,0,0,0,0,0,0,0.0,0,0,0.0,0,0,0.0,0,0,0.0,0,0,0,0.0,0.0,0.0,0.0,0,1.27,0.0,1,1,1.269164,1.27,0,0.0,0,0.0,0,0.0,1,1.27,0.3175,,,,,,,,,,,,,,,,,,,,,,,,,,,,Metacaspase matrix,82,NDNGDVAVDFFHR,82,94,1.27,1.27
AT3G09260.1,https://www.arabidopsis.org/servlets/Search?type=general&search_action=detail&method=1&show_obsolete=F&name=AT3G09260.1&sub_type=gene&SEARCH_EXACT=4&SEARCH_CONTAINS=1),"Symbols: PYK10, PSR3.1, BGLU23 | PYK10; beta-glucosidase/ copper ion binding / fucosidase/ hydrolase, hydrolyzing O-glycosyl compounds | chr3:2840477-2843781 REVERSE","misc.gluco-, galacto- and mannosidases (26.3)",,,97,111,EDIQLMKNLNTDAFR,VAVDFFHRYK,EDIQLMKNLN,VAVDFFHRYKEDIQLMKNLNTDAFR,11,VAVDFFHRYKEDIQLMKNLN,AT1G66270.2 (98-112)#AT1G66280.1 (98-112)#AT1G66270.1 (98-112)#AT3G09260.1 (97-111)#,0.0,0,0,0.0,0,0,0.0,0,0,0.0,0.0,0,0.0,0.0,0,-0.5,0.0,1,0.0,0.0,0,0.0,0,0,0.0,0.0,0,0,0.0,0.0,0,0,0,0,0,0,0.0,0,0,0.0,0,0,0,0,0,0,0,0,0,0,0,0,0,0,0,0.0,0.0,0,0,0,0,0,0,0.0,0,0,0.0,0,0,0.0,0,0,0.0,0,0,0,0.0,0.0,0.0,0.0,0,0.6,0.0,1,1,0.6045994,0.6,0,0.0,0,0.0,0,0.0,1,0.6,0.15,,,,,,,,,,,,,,,,,,,,,,,,,,,,Metacaspase matrix,97,EDIQLMKNLNTDAFR,97,111,0.6,0.6
AT3G09260.1,https://www.arabidopsis.org/servlets/Search?type=general&search_action=detail&method=1&show_obsolete=F&name=AT3G09260.1&sub_type=gene&SEARCH_EXACT=4&SEARCH_CONTAINS=1),"Symbols: PYK10, PSR3.1, BGLU23 | PYK10; beta-glucosidase/ copper ion binding / fucosidase/ hydrolase, hydrolyzing O-glycosyl compounds | chr3:2840477-2843781 REVERSE","misc.gluco-, galacto- and mannosidases (26.3)",,,101,111,LMKNLNTDAFR,FFHRYKEDIQ,LMKNLNTDAF,FFHRYKEDIQLMKNLNTDAFR,11,FFHRYKEDIQLMKNLNTDAF,AT1G66270.2 (102-112)#AT1G66280.1 (102-112)#AT1G66270.1 (102-112)#AT3G09260.1 (101-111)#,0.0,0,0,0.0,0,0,0.0,0,0,0.0,0.0,0,0.0,0.0,0,-0.74,0.0,1,0.0,0.0,0,0.0,0,0,0.0,0.0,0,1,-0.7429429,0.74,0,0,0,0,0,0,0.0,0,0,0.0,0,0,0,0,0,0,0,0,0,0,0,0,0,0,0,0.0,0.0,0,0,0,0,0,0,0.0,0,0,0.0,0,0,0.0,0,0,0.0,0,0,0,0.0,0.0,0.0,0.0,0,0.0,0.0,0,0,0.0,0.0,1,0.74,0,0.0,0,0.0,0,0.0,0.185,,,,,,,,,,,,,,,,,,,,,,,,,,,,Metacaspase matrix,101,LMKNLNTDAFR,101,111,0.74,0.74
AT3G09260.1,https://www.arabidopsis.org/servlets/Search?type=general&search_action=detail&method=1&show_obsolete=F&name=AT3G09260.1&sub_type=gene&SEARCH_EXACT=4&SEARCH_CONTAINS=1),"Symbols: PYK10, PSR3.1, BGLU23 | PYK10; beta-glucosidase/ copper ion binding / fucosidase/ hydrolase, hydrolyzing O-glycosyl compounds | chr3:2840477-2843781 REVERSE","misc.gluco-, galacto- and mannosidases (26.3)",,,102,111,MKNLNTDAFR,FHRYKEDIQL,MKNLNTDAFR,FHRYKEDIQLMKNLNTDAFR,11,FHRYKEDIQLMKNLNTDAFR,AT1G66270.2 (103-112)#AT1G66280.1 (103-112)#AT1G66270.1 (103-112)#AT3G09260.1 (102-111)#,0.0,0,0,0.0,0,0,0.0,0,0,0.0,0.0,0,0.0,0.0,0,0.0,0.0,0,0.0,0.0,0,0.0,0,0,-2.09,0.0,1,1,-2.086827,2.09,0,0,0,0,0,0,0.0,0,0,0.0,0,0,0,0,0,0,0,0,0,0,0,0,0,0,0,0.0,0.0,0,0,0,0,0,0,0.0,0,0,0.0,0,0,0.0,0,0,0.0,0,0,0,0.0,0.0,0.0,0.0,0,0.0,0.0,0,0,0.0,0.0,1,2.09,0,0.0,0,0.0,0,0.0,0.5225,,,,,,,,,,,,,,,,,,,,,,,,,,,,Metacaspase matrix,102,MKNLNTDAFR,102,111,2.09,2.09
AT3G09260.1,https://www.arabidopsis.org/servlets/Search?type=general&search_action=detail&method=1&show_obsolete=F&name=AT3G09260.1&sub_type=gene&SEARCH_EXACT=4&SEARCH_CONTAINS=1),"Symbols: PYK10, PSR3.1, BGLU23 | PYK10; beta-glucosidase/ copper ion binding / fucosidase/ hydrolase, hydrolyzing O-glycosyl compounds | chr3:2840477-2843781 REVERSE","misc.gluco-, galacto- and mannosidases (26.3)",,,103,111,KNLNTDAFR,HRYKEDIQLM,KNLNTDAFRM,HRYKEDIQLMKNLNTDAFR,11,HRYKEDIQLMKNLNTDAFRM,AT1G66270.2 (104-112)#AT1G66280.1 (104-112)#AT1G66270.1 (104-112)#AT3G09260.1 (103-111)#,0.0,0,0,0.0,0,0,0.0,0,0,0.0,0.0,0,0.07,0.0,1,-0.5,0.0,1,0.0,0.0,0,0.0,0,0,-0.33,0.0,1,0,0.0,0.0,0,0,0,0,0,0,0.0,0,0,0.0,0,0,0,0,0,0,0,0,0,0,0,0,0,0,0,0.0,0.0,0,0,0,0,0,0,0.0,0,0,0.0,0,0,0.0,0,0,0.0,0,0,0,0.0,0.0,0.81,0.0,1,1.18,0.189193117,2,2,0.99655585,0.99,0,0.0,0,0.0,0,0.0,2,0.99,0.2475,,,,,,,,,,,,,,,,,,,,,,,,,,,,Metacaspase matrix,103,KNLNTDAFR,103,111,0.99,0.99
AT3G09260.1,https://www.arabidopsis.org/servlets/Search?type=general&search_action=detail&method=1&show_obsolete=F&name=AT3G09260.1&sub_type=gene&SEARCH_EXACT=4&SEARCH_CONTAINS=1),"Symbols: PYK10, PSR3.1, BGLU23 | PYK10; beta-glucosidase/ copper ion binding / fucosidase/ hydrolase, hydrolyzing O-glycosyl compounds | chr3:2840477-2843781 REVERSE","misc.gluco-, galacto- and mannosidases (26.3)",,,104,111,NLNTDAFR,RYKEDIQLMK,NLNTDAFRMS,RYKEDIQLMKNLNTDAFR,11,RYKEDIQLMKNLNTDAFRMS,AT1G66270.2 (105-112)#AT1G66280.1 (105-112)#AT1G66270.1 (105-112)#AT3G09260.1 (104-111)#,0.0,0,0,0.0,0,0,0.0,0,0,0.0,0.0,0,0.22,0.0,1,-0.52,0.0,1,0.0,0.0,0,0.0,0,0,0.0,0.0,0,0,0.0,0.0,0,0,0,0,0,0,0.0,0,0,0.0,0,0,0,0,0,0,0,0,0,0,0,0,0,0,0,0.0,0.0,0,0,0,0,0,0,0.0,0,0,0.0,0,0,0.0,0,0,0.0,0,0,0,0.0,0.0,0.0,0.0,0,0.24,0.099956818,2,0,0.0,0.0,0,0.0,0,0.0,0,0.0,0,0.0,0.0,,,,,,,,,,,,,,,,,,,,,,,,,,,,Metacaspase matrix,104,NLNTDAFR,104,111,0.0,0.0
AT3G09260.1,https://www.arabidopsis.org/servlets/Search?type=general&search_action=detail&method=1&show_obsolete=F&name=AT3G09260.1&sub_type=gene&SEARCH_EXACT=4&SEARCH_CONTAINS=1),"Symbols: PYK10, PSR3.1, BGLU23 | PYK10; beta-glucosidase/ copper ion binding / fucosidase/ hydrolase, hydrolyzing O-glycosyl compounds | chr3:2840477-2843781 REVERSE","misc.gluco-, galacto- and mannosidases (26.3)",,,160,175,TPQDLEDEYGGFLSER,TPFVTVFHWD,TPQDLEDEYG,TPFVTVFHWDTPQDLEDEYGGFLSER,11,TPFVTVFHWDTPQDLEDEYG,AT3G09260.1 (160-175)#,0.0,0,0,0.0,0,0,0.0,0,0,0.0,0.0,0,0.0,0.0,0,0.45,0.0,1,0.0,0.0,0,0.0,0,0,0.0,0.0,0,0,0.0,0.0,0,0,0,0,0,0,0.0,0,0,0.0,0,0,0,0,0,0,0,0,0,0,0,0,0,0,0,0.0,0.0,0,0,0,0,0,0,0.0,0,0,0.0,0,0,0.0,0,0,0.0,0,0,0,0.0,0.0,0.0,0.0,0,0.0,0.0,0,0,0.0,0.0,0,0.0,0,0.0,0,0.0,0,0.0,0.0,,,,,,,,,,,,,,,,,,,,,,,,,,,,Metacaspase matrix,160,TPQDLEDEYGGFLSER,160,175,0.0,0.0
AT3G09260.1,https://www.arabidopsis.org/servlets/Search?type=general&search_action=detail&method=1&show_obsolete=F&name=AT3G09260.1&sub_type=gene&SEARCH_EXACT=4&SEARCH_CONTAINS=1),"Symbols: PYK10, PSR3.1, BGLU23 | PYK10; beta-glucosidase/ copper ion binding / fucosidase/ hydrolase, hydrolyzing O-glycosyl compounds | chr3:2840477-2843781 REVERSE","misc.gluco-, galacto- and mannosidases (26.3)",,,209,221,HAGYDVGKKAPGR,ITFNEPWVFS,HAGYDVGKKA,ITFNEPWVFSHAGYDVGKKAPGR,11,ITFNEPWVFSHAGYDVGKKA,AT5G28510.1 (213-225)#AT1G66280.1 (210-222)#AT3G09260.1 (209-221)#,0.0,0,0,0.0,0,0,0.0,0,0,0.0,0.0,0,0.0,0.0,0,0.0,0.0,0,0.0,0.0,0,0.0,0,0,0.0,0.0,0,0,0.0,0.0,0,0,0,0,0,0,0.0,0,0,0.0,0,0,0,0,0,0,0,0,0,0,0,0,0,0,0,0.0,0.0,0,0,0,0,0,0,0.0,0,0,0.0,0,0,0.0,0,0,0.0,0,0,0,0.0,0.0,-0.19,0.227206908,3,0.0,0.0,0,0,0.0,0.0,0,0.0,0,0.0,0,0.0,0,0.0,0.0,,,,,,,,,,,,,,,,,,,,,,,,,,,,Metacaspase matrix,209,HAGYDVGKKAPGR,209,221,0.0,0.0
AT3G09260.1,https://www.arabidopsis.org/servlets/Search?type=general&search_action=detail&method=1&show_obsolete=F&name=AT3G09260.1&sub_type=gene&SEARCH_EXACT=4&SEARCH_CONTAINS=1),"Symbols: PYK10, PSR3.1, BGLU23 | PYK10; beta-glucosidase/ copper ion binding / fucosidase/ hydrolase, hydrolyzing O-glycosyl compounds | chr3:2840477-2843781 REVERSE","misc.gluco-, galacto- and mannosidases (26.3)",,,210,221,AGYDVGKKAPGR,TFNEPWVFSH,AGYDVGKKAP,TFNEPWVFSHAGYDVGKKAPGR,11,TFNEPWVFSHAGYDVGKKAP,AT5G28510.1 (214-225)#AT1G66280.1 (211-222)#AT3G09260.1 (210-221)#,0.0,0,0,0.0,0,0,0.0,0,0,0.0,0.0,0,0.0,0.0,0,0.0,0.0,0,0.0,0.0,0,0.0,0,0,0.0,0.0,0,0,0.0,0.0,0,0,0,0,0,0,0.0,0,0,0.0,0,0,0,0,0,0,0,0,0,0,0,0,0,0,0,0.0,0.0,0,0,0,0,0,0,0.0,0,0,0.0,0,0,0.0,0,0,0.0,0,0,0,0.0,0.0,-0.4,0.0,1,0.61,0.0,1,1,0.6080793,0.61,0,0.0,0,0.0,0,0.0,1,0.61,0.1525,,,,,,,,,,,,,,,,,,,,,,,,,,,,Metacaspase matrix,210,AGYDVGKKAPGR,210,221,0.61,0.61
AT3G09260.1,https://www.arabidopsis.org/servlets/Search?type=general&search_action=detail&method=1&show_obsolete=F&name=AT3G09260.1&sub_type=gene&SEARCH_EXACT=4&SEARCH_CONTAINS=1),"Symbols: PYK10, PSR3.1, BGLU23 | PYK10; beta-glucosidase/ copper ion binding / fucosidase/ hydrolase, hydrolyzing O-glycosyl compounds | chr3:2840477-2843781 REVERSE","misc.gluco-, galacto- and mannosidases (26.3)",,,223,234,SSYVNAKCQDGR,DVGKKAPGRC,SSYVNAKCQD,DVGKKAPGRCSSYVNAKCQDGR,11,DVGKKAPGRCSSYVNAKCQD,AT3G09260.1 (223-234)#,0.0,0,0,0.0,0,0,0.0,0,0,0.0,0.0,0,-0.43,0.0,1,0.0,0.0,0,0.0,0.0,0,0.0,0,0,0.08,0.0,1,0,0.0,0.0,0,0,0,0,0,0,0.0,0,0,0.0,0,0,0,0,0,0,0,0,0,0,0,0,0,0,0,0.0,0.0,0,0,0,0,0,0,0.0,0,0,0.0,0,0,0.0,0,0,0.0,0,0,0,0.0,0.0,0.0,0.0,0,0.0,0.0,0,0,0.0,0.0,0,0.0,0,0.0,0,0.0,0,0.0,0.0,,,,,,,,,,,,,,,,,,,,,,,,,,,,Metacaspase matrix,223,SSYVNAKCQDGR,223,234,0.0,0.0
AT3G09260.1,https://www.arabidopsis.org/servlets/Search?type=general&search_action=detail&method=1&show_obsolete=F&name=AT3G09260.1&sub_type=gene&SEARCH_EXACT=4&SEARCH_CONTAINS=1),"Symbols: PYK10, PSR3.1, BGLU23 | PYK10; beta-glucosidase/ copper ion binding / fucosidase/ hydrolase, hydrolyzing O-glycosyl compounds | chr3:2840477-2843781 REVERSE","misc.gluco-, galacto- and mannosidases (26.3)",,,224,234,SYVNAKCQDGR,VGKKAPGRCS,SYVNAKCQDG,VGKKAPGRCSSYVNAKCQDGR,11,VGKKAPGRCSSYVNAKCQDG,AT3G09260.1 (224-234)#,0.0,0,0,0.0,0,0,0.0,0,0,-0.23,0.0,1,-0.8,0.0,1,-0.7,0.0,1,0.0,0.0,0,0.0,0,0,0.0,0.0,0,2,-0.74580145,0.56,0,0,0,0,0,0,0.0,0,0,0.0,0,0,0,0,0,0,0,0,0,0,0,0,0,0,0,0.0,0.0,0,0,0,0,0,0,0.0,0,0,0.0,0,0,0.0,0,0,0.0,0,0,0,0.0,0.0,-0.2,0.0,1,0.0,0.0,0,0,0.0,0.0,2,0.56,0,0.0,0,0.0,0,0.0,0.14,,,,,,,,,,,,,,,,,,,,,,,,,,,,Metacaspase matrix,224,SYVNAKCQDGR,224,234,0.56,0.56
AT3G09260.1,https://www.arabidopsis.org/servlets/Search?type=general&search_action=detail&method=1&show_obsolete=F&name=AT3G09260.1&sub_type=gene&SEARCH_EXACT=4&SEARCH_CONTAINS=1),"Symbols: PYK10, PSR3.1, BGLU23 | PYK10; beta-glucosidase/ copper ion binding / fucosidase/ hydrolase, hydrolyzing O-glycosyl compounds | chr3:2840477-2843781 REVERSE","misc.gluco-, galacto- and mannosidases (26.3)",,,227,234,NAKCQDGR,KAPGRCSSYV,NAKCQDGRSG,KAPGRCSSYVNAKCQDGR,11,KAPGRCSSYVNAKCQDGRSG,AT3G09260.1 (227-234)#,0.0,0,0,0.0,0,0,0.0,0,0,0.0,0.0,0,0.0,0.0,0,-0.18,0.0,1,0.0,0.0,0,0.0,0,0,0.0,0.0,0,0,0.0,0.0,0,0,0,0,0,0,0.0,0,0,0.0,0,0,0,0,0,0,0,0,0,0,0,0,0,0,0,0.0,0.0,0,0,0,0,0,0,0.0,0,0,0.0,0,0,0.0,0,0,0.0,0,0,0,0.0,0.0,-0.45,0.0,1,0.0,0.0,0,0,0.0,0.0,0,0.0,0,0.0,0,0.0,0,0.0,0.0,,,,,,,,,,,,,,,,,,,,,,,,,,,,Metacaspase matrix,227,NAKCQDGR,227,234,0.0,0.0
AT3G09260.1,https://www.arabidopsis.org/servlets/Search?type=general&search_action=detail&method=1&show_obsolete=F&name=AT3G09260.1&sub_type=gene&SEARCH_EXACT=4&SEARCH_CONTAINS=1),"Symbols: PYK10, PSR3.1, BGLU23 | PYK10; beta-glucosidase/ copper ion binding / fucosidase/ hydrolase, hydrolyzing O-glycosyl compounds | chr3:2840477-2843781 REVERSE","misc.gluco-, galacto- and mannosidases (26.3)",,,235,245,SGYEAYLVTHN,YVNAKCQDGR,SGYEAYLVTH,YVNAKCQDGRSGYEAYLVTHN,11,YVNAKCQDGRSGYEAYLVTH,AT3G09260.1 (235-245)#,0.0,0,0,0.0,0,0,0.0,0,0,0.0,0.0,0,0.85,0.0,1,0.86,0.0,1,0.0,0.0,0,0.0,0,0,-0.41,0.0,1,2,0.85215095,0.73,0,0,0,0,0,0,0.0,0,0,0.0,0,0,0,0,0,0,0,0,0,0,0,0,0,0,0,0.0,0.0,0,0,0,0,0,0,0.0,0,0,0.0,0,0,0.0,0,0,0.0,0,0,0,0.0,0.0,0.0,0.0,0,0.0,0.0,0,0,0.0,0.0,2,0.73,0,0.0,0,0.0,0,0.0,0.1825,,,,,,,,,,,,,,,,,,,,,,,,,,,,Metacaspase matrix,235,SGYEAYLVTHN,235,245,0.73,0.73
AT3G09260.1,https://www.arabidopsis.org/servlets/Search?type=general&search_action=detail&method=1&show_obsolete=F&name=AT3G09260.1&sub_type=gene&SEARCH_EXACT=4&SEARCH_CONTAINS=1),"Symbols: PYK10, PSR3.1, BGLU23 | PYK10; beta-glucosidase/ copper ion binding / fucosidase/ hydrolase, hydrolyzing O-glycosyl compounds | chr3:2840477-2843781 REVERSE","misc.gluco-, galacto- and mannosidases (26.3)",,,235,244,SGYEAYLVTH,YVNAKCQDGR,SGYEAYLVTH,YVNAKCQDGRSGYEAYLVTH,11,YVNAKCQDGRSGYEAYLVTH,AT3G09260.1 (235-244)#,0.0,0,0,0.0,0,0,0.0,0,0,0.0,0.0,0,0.0,0.0,0,0.0,0.0,0,0.0,0.0,0,0.0,0,0,0.0,0.0,0,0,0.0,0.0,0,0,0,0,0,0,0.0,0,0,0.0,0,0,0,0,0,0,0,0,0,0,0,0,0,0,0,0.0,0.0,0,0,0,0,0,0,0.0,0,0,0.0,0,0,0.0,0,0,0.0,0,0,0,0.0,0.0,0.0,0.0,0,2.32,0.0,1,1,2.322126,2.32,0,0.0,0,0.0,0,0.0,1,2.32,0.58,,,,,,,,,,,,,,,,,,,,,,,,,,,,Metacaspase matrix,235,SGYEAYLVTH,235,244,2.32,2.32
AT3G09260.1,https://www.arabidopsis.org/servlets/Search?type=general&search_action=detail&method=1&show_obsolete=F&name=AT3G09260.1&sub_type=gene&SEARCH_EXACT=4&SEARCH_CONTAINS=1),"Symbols: PYK10, PSR3.1, BGLU23 | PYK10; beta-glucosidase/ copper ion binding / fucosidase/ hydrolase, hydrolyzing O-glycosyl compounds | chr3:2840477-2843781 REVERSE","misc.gluco-, galacto- and mannosidases (26.3)",,,246,258,LLISHAEAVEAYR,GYEAYLVTHN,LLISHAEAVE,GYEAYLVTHNLLISHAEAVEAYR,11,GYEAYLVTHNLLISHAEAVE,AT3G09260.1 (246-258)#,0.0,0,0,0.0,0,0,0.0,0,0,0.0,0.0,0,0.0,0.0,0,-0.08,0.38,2,0.45,0.0,1,0.0,0,0,-0.4,0.16,2,0,0.0,0.0,0,0,0,0,0,0,0.0,0,0,0.0,0,0,0,0,0,0,0,0,0,0,0,0,0,0,0,0.0,0.0,0,0,0,0,0,0,0.0,0,0,0.0,0,0,0.0,0,0,0.0,0,0,0,0.0,0.0,0.0,0.0,0,0.0,0.0,0,0,0.0,0.0,0,0.0,0,0.0,0,0.0,0,0.0,0.0,,,,,,,,,,,,,,,,,,,,,,,,,,,,Metacaspase matrix,246,LLISHAEAVEAYR,246,258,0.0,0.0
AT3G09260.1,https://www.arabidopsis.org/servlets/Search?type=general&search_action=detail&method=1&show_obsolete=F&name=AT3G09260.1&sub_type=gene&SEARCH_EXACT=4&SEARCH_CONTAINS=1),"Symbols: PYK10, PSR3.1, BGLU23 | PYK10; beta-glucosidase/ copper ion binding / fucosidase/ hydrolase, hydrolyzing O-glycosyl compounds | chr3:2840477-2843781 REVERSE","misc.gluco-, galacto- and mannosidases (26.3)",,,248,258,ISHAEAVEAYR,EAYLVTHNLL,ISHAEAVEAY,EAYLVTHNLLISHAEAVEAYR,11,EAYLVTHNLLISHAEAVEAY,AT3G09260.1 (248-258)#,0.0,0,0,0.0,0,0,0.0,0,0,0.0,0.0,0,0.0,0.0,0,-0.21,0.0,1,0.0,0.0,0,0.0,0,0,0.0,0.0,0,0,0.0,0.0,0,0,0,0,0,0,0.0,0,0,0.0,0,0,0,0,0,0,0,0,0,0,0,0,0,0,0,0.0,0.0,0,0,0,0,0,0,0.0,0,0,0.0,0,0,0.0,0,0,0.0,0,0,0,0.0,0.0,0.05,0.0,1,-0.43,0.0,1,0,0.0,0.0,0,0.0,0,0.0,0,0.0,0,0.0,0.0,,,,,,,,,,,,,,,,,,,,,,,,,,,,Metacaspase matrix,248,ISHAEAVEAYR,248,258,0.0,0.0
AT3G09260.1,https://www.arabidopsis.org/servlets/Search?type=general&search_action=detail&method=1&show_obsolete=F&name=AT3G09260.1&sub_type=gene&SEARCH_EXACT=4&SEARCH_CONTAINS=1),"Symbols: PYK10, PSR3.1, BGLU23 | PYK10; beta-glucosidase/ copper ion binding / fucosidase/ hydrolase, hydrolyzing O-glycosyl compounds | chr3:2840477-2843781 REVERSE","misc.gluco-, galacto- and mannosidases (26.3)",,,249,258,SHAEAVEAYR,AYLVTHNLLI,SHAEAVEAYR,AYLVTHNLLISHAEAVEAYR,11,AYLVTHNLLISHAEAVEAYR,AT3G09260.1 (249-258)#,0.0,0,0,0.0,0,0,0.0,0,0,0.0,0.0,0,0.0,0.0,0,-0.19,0.07,2,0.0,0.0,0,0.0,0,0,0.0,0.0,0,0,0.0,0.0,0,0,0,0,0,0,0.0,0,0,0.0,0,0,0,0,0,0,0,0,0,0,0,0,0,0,0,0.0,0.0,0,0,0,0,0,0,0.0,0,0,0.0,0,0,0.0,0,0,0.0,0,0,0,0.0,0.0,-0.21,0.0,1,0.0,0.0,0,0,0.0,0.0,0,0.0,0,0.0,0,0.0,0,0.0,0.0,,,,,,,,,,,,,,,,,,,,,,,,,,,,Metacaspase matrix,249,SHAEAVEAYR,249,258,0.0,0.0
AT3G09260.1,https://www.arabidopsis.org/servlets/Search?type=general&search_action=detail&method=1&show_obsolete=F&name=AT3G09260.1&sub_type=gene&SEARCH_EXACT=4&SEARCH_CONTAINS=1),"Symbols: PYK10, PSR3.1, BGLU23 | PYK10; beta-glucosidase/ copper ion binding / fucosidase/ hydrolase, hydrolyzing O-glycosyl compounds | chr3:2840477-2843781 REVERSE","misc.gluco-, galacto- and mannosidases (26.3)",,,250,258,HAEAVEAYR,YLVTHNLLIS,HAEAVEAYRK,YLVTHNLLISHAEAVEAYR,11,YLVTHNLLISHAEAVEAYRK,AT3G09260.1 (250-258)#,0.0,0,0,0.0,0,0,0.0,0,0,0.0,0.0,0,0.0,0.0,0,-0.15,0.08,2,0.0,0.0,0,0.0,0,0,0.0,0.0,0,0,0.0,0.0,0,0,0,0,0,0,0.0,0,0,0.0,0,0,0,0,0,0,0,0,0,0,0,0,0,0,0,0.0,0.0,0,0,0,0,0,0,0.0,0,0,0.0,0,0,0.0,0,0,0.0,0,0,0,0.0,0.0,0.0,0.0,0,0.0,0.0,0,0,0.0,0.0,0,0.0,0,0.0,0,0.0,0,0.0,0.0,,,,,,,,,,,,,,,,,,,,,,,,,,,,Metacaspase matrix,250,HAEAVEAYR,250,258,0.0,0.0
AT3G09260.1,https://www.arabidopsis.org/servlets/Search?type=general&search_action=detail&method=1&show_obsolete=F&name=AT3G09260.1&sub_type=gene&SEARCH_EXACT=4&SEARCH_CONTAINS=1),"Symbols: PYK10, PSR3.1, BGLU23 | PYK10; beta-glucosidase/ copper ion binding / fucosidase/ hydrolase, hydrolyzing O-glycosyl compounds | chr3:2840477-2843781 REVERSE","misc.gluco-, galacto- and mannosidases (26.3)",,,251,258,AEAVEAYR,LVTHNLLISH,AEAVEAYRKC,LVTHNLLISHAEAVEAYR,11,LVTHNLLISHAEAVEAYRKC,AT3G09260.1 (251-258)#,1.38,0,1,0.0,0,0,0.1,0,1,0.08,0.0,1,-0.06,0.0,1,0.0,0.0,0,0.0,0.0,0,0.0,0,0,-0.87,0.0,1,2,0.2545357,0.06,0,0,0,0,0,0,0.0,0,0,0.0,0,0,0,0,0,0,0,0,0,0,0,0,0,0,0,0.0,0.0,0,0,0,0,0,0,0.0,0,0,0.0,0,0,0.0,0,0,0.0,0,0,0,0.0,0.0,0.0,0.0,0,0.0,0.0,0,0,0.0,0.0,2,0.06,0,0.0,0,0.0,0,0.0,0.015,,,,,,,,,,,,,,,,,,,,,,,,,,,,Metacaspase matrix,251,AEAVEAYR,251,258,0.06,0.06
AT3G09260.1,https://www.arabidopsis.org/servlets/Search?type=general&search_action=detail&method=1&show_obsolete=F&name=AT3G09260.1&sub_type=gene&SEARCH_EXACT=4&SEARCH_CONTAINS=1),"Symbols: PYK10, PSR3.1, BGLU23 | PYK10; beta-glucosidase/ copper ion binding / fucosidase/ hydrolase, hydrolyzing O-glycosyl compounds | chr3:2840477-2843781 REVERSE","misc.gluco-, galacto- and mannosidases (26.3)",,,252,258,EAVEAYR,VTHNLLISHA,EAVEAYRKCE,VTHNLLISHAEAVEAYR,11,VTHNLLISHAEAVEAYRKCE,AT3G09260.1 (252-258)#,0.0,0,0,0.0,0,0,0.0,0,0,0.0,0.0,0,0.0,0.0,0,0.0,0.0,0,0.0,0.0,0,0.0,0,0,0.0,0.0,0,0,0.0,0.0,0,0,0,0,0,0,0.0,0,0,0.0,0,0,0,0,0,0,0,0,0,0,0,0,0,0,0,0.0,0.0,0,0,0,0,0,0,0.0,0,0,0.0,0,0,0.0,0,0,0.0,0,0,0,0.0,0.0,-0.29,0.0,1,0.0,0.0,0,0,0.0,0.0,0,0.0,0,0.0,0,0.0,0,0.0,0.0,,,,,,,,,,,,,,,,,,,,,,,,,,,,Metacaspase matrix,252,EAVEAYR,252,258,0.0,0.0
AT3G09260.1,https://www.arabidopsis.org/servlets/Search?type=general&search_action=detail&method=1&show_obsolete=F&name=AT3G09260.1&sub_type=gene&SEARCH_EXACT=4&SEARCH_CONTAINS=1),"Symbols: PYK10, PSR3.1, BGLU23 | PYK10; beta-glucosidase/ copper ion binding / fucosidase/ hydrolase, hydrolyzing O-glycosyl compounds | chr3:2840477-2843781 REVERSE","misc.gluco-, galacto- and mannosidases (26.3)",,,278,293,EAHDLADSQDGASIDR,IGIAHSPAWF,EAHDLADSQD,IGIAHSPAWFEAHDLADSQDGASIDR,11,IGIAHSPAWFEAHDLADSQD,AT3G09260.1 (278-293)#,0.0,0,0,0.0,0,0,0.0,0,0,0.0,0.0,0,0.0,0.0,0,0.96,0.0,1,0.0,0.0,0,0.0,0,0,0.0,0.0,0,1,0.9584841,0.96,0,0,0,0,0,0,0.0,0,0,0.0,0,0,0,0,0,0,0,0,0,0,0,0,0,0,0,0.0,0.0,0,0,0,0,0,0,0.0,0,0,0.0,0,0,0.0,0,0,0.0,0,0,0,0.0,0.0,-0.23,0.0,1,-0.63,0.0,1,1,-0.6290496,0.63,1,0.96,0,0.0,0,0.0,1,0.63,0.15800624999999996,,,,,,,,,,,,,,,,,,,,,,,,,,,,Metacaspase matrix,278,EAHDLADSQDGASIDR,278,293,0.96,0.96
AT3G09260.1,https://www.arabidopsis.org/servlets/Search?type=general&search_action=detail&method=1&show_obsolete=F&name=AT3G09260.1&sub_type=gene&SEARCH_EXACT=4&SEARCH_CONTAINS=1),"Symbols: PYK10, PSR3.1, BGLU23 | PYK10; beta-glucosidase/ copper ion binding / fucosidase/ hydrolase, hydrolyzing O-glycosyl compounds | chr3:2840477-2843781 REVERSE","misc.gluco-, galacto- and mannosidases (26.3)",,,279,293,AHDLADSQDGASIDR,GIAHSPAWFE,AHDLADSQDG,GIAHSPAWFEAHDLADSQDGASIDR,11,GIAHSPAWFEAHDLADSQDG,AT3G09260.1 (279-293)#,0.0,0,0,0.0,0,0,0.0,0,0,0.0,0.0,0,0.0,0.0,0,0.0,0.0,0,0.0,0.0,0,0.0,0,0,0.0,0.0,0,0,0.0,0.0,0,0,0,0,0,0,0.0,0,0,0.0,0,0,0,0,0,0,0,0,0,0,0,0,0,0,0,0.0,0.0,0,0,0,0,0,0,0.0,0,0,0.0,0,0,0.0,0,0,0.0,0,0,0,0.0,0.0,-0.23,0.0,1,-0.91,0.0,1,1,-0.9082308,0.91,0,0.0,0,0.0,0,0.0,1,0.91,0.2275,,,,,,,,,,,,,,,,,,,,,,,,,,,,Metacaspase matrix,279,AHDLADSQDGASIDR,279,293,0.91,0.91
AT3G09260.1,https://www.arabidopsis.org/servlets/Search?type=general&search_action=detail&method=1&show_obsolete=F&name=AT3G09260.1&sub_type=gene&SEARCH_EXACT=4&SEARCH_CONTAINS=1),"Symbols: PYK10, PSR3.1, BGLU23 | PYK10; beta-glucosidase/ copper ion binding / fucosidase/ hydrolase, hydrolyzing O-glycosyl compounds | chr3:2840477-2843781 REVERSE","misc.gluco-, galacto- and mannosidases (26.3)",,,280,293,HDLADSQDGASIDR,IAHSPAWFEA,HDLADSQDGA,IAHSPAWFEAHDLADSQDGASIDR,11,IAHSPAWFEAHDLADSQDGA,AT3G09260.1 (280-293)#,0.0,0,0,0.0,0,0,0.0,0,0,0.0,0.0,0,0.0,0.0,0,0.0,0.0,0,0.0,0.0,0,0.0,0,0,0.0,0.0,0,0,0.0,0.0,0,0,0,0,0,0,0.0,0,0,0.0,0,0,0,0,0,0,0,0,0,0,0,0,0,0,0,0.0,0.0,0,0,0,0,0,0,0.0,0,0,0.0,0,0,0.0,0,0,0.0,0,0,0,0.0,0.0,-0.65,0.0,1,0.0,0.0,0,1,-0.651576,0.65,0,0.0,0,0.0,0,0.0,1,0.65,0.1625,,,,,,,,,,,,,,,,,,,,,,,,,,,,Metacaspase matrix,280,HDLADSQDGASIDR,280,293,0.65,0.65
AT3G09260.1,https://www.arabidopsis.org/servlets/Search?type=general&search_action=detail&method=1&show_obsolete=F&name=AT3G09260.1&sub_type=gene&SEARCH_EXACT=4&SEARCH_CONTAINS=1),"Symbols: PYK10, PSR3.1, BGLU23 | PYK10; beta-glucosidase/ copper ion binding / fucosidase/ hydrolase, hydrolyzing O-glycosyl compounds | chr3:2840477-2843781 REVERSE","misc.gluco-, galacto- and mannosidases (26.3)",,,281,293,DLADSQDGASIDR,AHSPAWFEAH,DLADSQDGAS,AHSPAWFEAHDLADSQDGASIDR,11,AHSPAWFEAHDLADSQDGAS,AT3G09260.1 (281-293)#,0.0,0,0,0.0,0,0,0.25,0,1,0.27,0.0,1,0.0,0.0,0,0.0,0.0,0,0.0,0.0,0,0.0,0,0,0.0,0.0,0,0,0.0,0.0,0,0,0,0,0,0,0.0,0,0,0.0,0,0,0,0,0,0,0,0,0,0,0,0,0,0,0,0.0,0.0,0,0,0,0,0,0,0.0,0,0,0.0,0,0,0.0,0,0,0.0,0,0,0,0.0,0.0,0.63,0.0,1,0.56,0.0,1,1,0.6300189,0.63,0,0.0,0,0.0,0,0.0,1,0.63,0.1575,,,,,,,,,,,,,,,,,,,,,,,,,,,,Metacaspase matrix,281,DLADSQDGASIDR,281,293,0.63,0.63
AT3G09260.1,https://www.arabidopsis.org/servlets/Search?type=general&search_action=detail&method=1&show_obsolete=F&name=AT3G09260.1&sub_type=gene&SEARCH_EXACT=4&SEARCH_CONTAINS=1),"Symbols: PYK10, PSR3.1, BGLU23 | PYK10; beta-glucosidase/ copper ion binding / fucosidase/ hydrolase, hydrolyzing O-glycosyl compounds | chr3:2840477-2843781 REVERSE","misc.gluco-, galacto- and mannosidases (26.3)",,,282,293,LADSQDGASIDR,HSPAWFEAHD,LADSQDGASI,HSPAWFEAHDLADSQDGASIDR,11,HSPAWFEAHDLADSQDGASI,AT3G09260.1 (282-293)#,0.0,0,0,0.0,0,0,0.0,0,0,0.0,0.0,0,0.0,0.0,0,4.37,0.0,1,0.0,0.0,0,0.0,0,0,0.0,0.0,0,1,4.369718,4.37,0,0,0,0,0,0,0.0,0,0,0.0,0,0,0,0,0,0,0,0,0,0,0,0,0,0,0,0.0,0.0,0,0,0,0,0,0,0.0,0,0,0.0,0,0,0.0,0,0,0.0,0,0,0,0.0,0.0,-0.01,0.0,1,0.22,0.0,1,0,0.0,0.0,1,4.37,0,0.0,0,0.0,0,0.0,1.0925,,,,,,,,,,,,,,,,,,,,,,,,,,,,Metacaspase matrix,282,LADSQDGASIDR,282,293,4.37,4.37
AT3G09260.1,https://www.arabidopsis.org/servlets/Search?type=general&search_action=detail&method=1&show_obsolete=F&name=AT3G09260.1&sub_type=gene&SEARCH_EXACT=4&SEARCH_CONTAINS=1),"Symbols: PYK10, PSR3.1, BGLU23 | PYK10; beta-glucosidase/ copper ion binding / fucosidase/ hydrolase, hydrolyzing O-glycosyl compounds | chr3:2840477-2843781 REVERSE","misc.gluco-, galacto- and mannosidases (26.3)",,,283,293,ADSQDGASIDR,SPAWFEAHDL,ADSQDGASID,SPAWFEAHDLADSQDGASIDR,11,SPAWFEAHDLADSQDGASID,AT3G09260.1 (283-293)#,0.0,0,0,0.0,0,0,0.0,0,0,-0.14,0.0,1,0.61,0.0,1,0.81,0.0,1,0.0,0.0,0,0.0,0,0,0.0,0.0,0,2,0.70759705,0.5,0,0,0,0,0,0,0.0,0,0,0.0,0,0,0,0,0,0,0,0,0,0,0,0,0,0,0,0.0,0.0,0,0,0,0,0,0,0.0,0,0,0.0,0,0,0.0,0,0,0.0,0,0,0,0.0,0.0,0.45,0.164600011,2,0.4,0.0,1,0,0.0,0.0,2,0.5,0,0.0,0,0.0,0,0.0,0.125,,,,,,,,,,,,,,,,,,,,,,,,,,,,Metacaspase matrix,283,ADSQDGASIDR,283,293,0.5,0.5
AT3G09260.1,https://www.arabidopsis.org/servlets/Search?type=general&search_action=detail&method=1&show_obsolete=F&name=AT3G09260.1&sub_type=gene&SEARCH_EXACT=4&SEARCH_CONTAINS=1),"Symbols: PYK10, PSR3.1, BGLU23 | PYK10; beta-glucosidase/ copper ion binding / fucosidase/ hydrolase, hydrolyzing O-glycosyl compounds | chr3:2840477-2843781 REVERSE","misc.gluco-, galacto- and mannosidases (26.3)",,,310,322,DYPQIMKDIVGHR,GWHLDTTTFG,DYPQIMKDIV,GWHLDTTTFGDYPQIMKDIVGHR,11,GWHLDTTTFGDYPQIMKDIV,AT3G09260.1 (310-322)#,0.0,0,0,0.0,0,0,0.0,0,0,0.0,0.0,0,0.0,0.0,0,0.0,0.0,0,0.0,0.0,0,0.0,0,0,0.0,0.0,0,0,0.0,0.0,0,0,0,0,0,0,0.0,0,0,0.0,0,0,0,0,0,0,0,0,0,0,0,0,0,0,0,0.0,0.0,0,0,0,0,0,0,0.0,0,0,0.0,0,0,0.0,0,0,0.0,0,0,0,0.0,0.0,0.1,0.089583546,2,0.0,0.0,0,0,0.0,0.0,0,0.0,0,0.0,0,0.0,0,0.0,0.0,,,,,,,,,,,,,,,,,,,,,,,,,,,,Metacaspase matrix,310,DYPQIMKDIVGHR,310,322,0.0,0.0
AT3G09260.1,https://www.arabidopsis.org/servlets/Search?type=general&search_action=detail&method=1&show_obsolete=F&name=AT3G09260.1&sub_type=gene&SEARCH_EXACT=4&SEARCH_CONTAINS=1),"Symbols: PYK10, PSR3.1, BGLU23 | PYK10; beta-glucosidase/ copper ion binding / fucosidase/ hydrolase, hydrolyzing O-glycosyl compounds | chr3:2840477-2843781 REVERSE","misc.gluco-, galacto- and mannosidases (26.3)",,,336,363,ASTDFVGLNYYTSVFSNHLEKPDPSKPR,FTTEQKAKLK,ASTDFVGLNY,FTTEQKAKLKASTDFVGLNYYTSVFSNHLEKPDPSKPR,11,FTTEQKAKLKASTDFVGLNY,AT3G09260.1 (336-363)#,0.0,0,0,0.0,0,0,0.0,0,0,0.0,0.0,0,0.0,0.0,0,0.0,0.0,0,-0.03,0.0,1,0.0,0,0,0.0,0.0,0,0,0.0,0.0,0,0,0,0,0,0,0.0,0,0,0.0,0,0,0,0,0,0,0,0,0,0,0,0,0,0,0,0.0,0.0,0,0,0,0,0,0,0.0,0,0,0.0,0,0,0.0,0,0,0.0,0,0,0,0.0,0.0,0.0,0.0,0,0.0,0.0,0,0,0.0,0.0,0,0.0,0,0.0,0,0.0,0,0.0,0.0,,,,,,,,,,,,,,,,,,,,,,,,,,,,Metacaspase matrix,336,ASTDFVGLNYYTSVFSNHLEKPDPSKPR,336,363,0.0,0.0
AT3G09260.1,https://www.arabidopsis.org/servlets/Search?type=general&search_action=detail&method=1&show_obsolete=F&name=AT3G09260.1&sub_type=gene&SEARCH_EXACT=4&SEARCH_CONTAINS=1),"Symbols: PYK10, PSR3.1, BGLU23 | PYK10; beta-glucosidase/ copper ion binding / fucosidase/ hydrolase, hydrolyzing O-glycosyl compounds | chr3:2840477-2843781 REVERSE","misc.gluco-, galacto- and mannosidases (26.3)",,,348,363,SVFSNHLEKPDPSKPR,TDFVGLNYYT,SVFSNHLEKP,TDFVGLNYYTSVFSNHLEKPDPSKPR,11,TDFVGLNYYTSVFSNHLEKP,AT3G09260.1 (348-363)#,0.0,0,0,0.0,0,0,0.0,0,0,0.0,0.0,0,0.0,0.0,0,0.0,0.0,0,0.19,0.0,1,0.0,0,0,0.0,0.0,0,0,0.0,0.0,0,0,0,0,0,0,0.0,0,0,0.0,0,0,0,0,0,0,0,0,0,0,0,0,0,0,0,0.0,0.0,0,0,0,0,0,0,0.0,0,0,0.0,0,0,0.0,0,0,0.0,0,0,0,0.0,0.0,0.0,0.0,0,0.0,0.0,0,0,0.0,0.0,0,0.0,0,0.0,0,0.0,0,0.0,0.0,,,,,,,,,,,,,,,,,,,,,,,,,,,,Metacaspase matrix,348,SVFSNHLEKPDPSKPR,348,363,0.0,0.0
AT3G09260.1,https://www.arabidopsis.org/servlets/Search?type=general&search_action=detail&method=1&show_obsolete=F&name=AT3G09260.1&sub_type=gene&SEARCH_EXACT=4&SEARCH_CONTAINS=1),"Symbols: PYK10, PSR3.1, BGLU23 | PYK10; beta-glucosidase/ copper ion binding / fucosidase/ hydrolase, hydrolyzing O-glycosyl compounds | chr3:2840477-2843781 REVERSE","misc.gluco-, galacto- and mannosidases (26.3)",,,351,363,SNHLEKPDPSKPR,VGLNYYTSVF,SNHLEKPDPS,VGLNYYTSVFSNHLEKPDPSKPR,11,VGLNYYTSVFSNHLEKPDPS,AT3G09260.1 (351-363)#,0.0,0,0,0.0,0,0,0.0,0,0,0.0,0.0,0,0.0,0.0,0,0.0,0.0,0,-0.17,0.0,1,0.0,0,0,-0.39,0.0,1,0,0.0,0.0,0,0,0,0,0,0,0.0,0,0,0.0,0,0,0,0,0,0,0,0,0,0,0,0,0,0,0,0.0,0.0,0,0,0,0,0,0,0.0,0,0,0.0,0,0,0.0,0,0,0.0,0,0,0,0.0,0.0,-0.4,0.0,1,0.0,0.0,0,0,0.0,0.0,0,0.0,0,0.0,0,0.0,0,0.0,0.0,,,,,,,,,,,,,,,,,,,,,,,,,,,,Metacaspase matrix,351,SNHLEKPDPSKPR,351,363,0.0,0.0
AT3G09260.1,https://www.arabidopsis.org/servlets/Search?type=general&search_action=detail&method=1&show_obsolete=F&name=AT3G09260.1&sub_type=gene&SEARCH_EXACT=4&SEARCH_CONTAINS=1),"Symbols: PYK10, PSR3.1, BGLU23 | PYK10; beta-glucosidase/ copper ion binding / fucosidase/ hydrolase, hydrolyzing O-glycosyl compounds | chr3:2840477-2843781 REVERSE","misc.gluco-, galacto- and mannosidases (26.3)",,,352,363,NHLEKPDPSKPR,GLNYYTSVFS,NHLEKPDPSK,GLNYYTSVFSNHLEKPDPSKPR,11,GLNYYTSVFSNHLEKPDPSK,AT3G09260.1 (352-363)#,0.0,0,0,0.0,0,0,0.0,0,0,0.0,0.0,0,0.0,0.0,0,0.0,0.0,0,0.0,0.0,0,0.0,0,0,0.0,0.0,0,0,0.0,0.0,0,0,0,0,0,0,0.0,0,0,0.0,0,0,0,0,0,0,0,0,0,0,0,0,0,0,0,0.0,0.0,0,0,0,0,0,0,0.0,0,0,0.0,0,0,0.0,0,0,0.0,0,0,0,0.0,0.0,-0.01,0.011488971,2,0.0,0.0,0,0,0.0,0.0,0,0.0,0,0.0,0,0.0,0,0.0,0.0,,,,,,,,,,,,,,,,,,,,,,,,,,,,Metacaspase matrix,352,NHLEKPDPSKPR,352,363,0.0,0.0
AT3G09260.1,https://www.arabidopsis.org/servlets/Search?type=general&search_action=detail&method=1&show_obsolete=F&name=AT3G09260.1&sub_type=gene&SEARCH_EXACT=4&SEARCH_CONTAINS=1),"Symbols: PYK10, PSR3.1, BGLU23 | PYK10; beta-glucosidase/ copper ion binding / fucosidase/ hydrolase, hydrolyzing O-glycosyl compounds | chr3:2840477-2843781 REVERSE","misc.gluco-, galacto- and mannosidases (26.3)",,,353,363,HLEKPDPSKPR,LNYYTSVFSN,HLEKPDPSKP,LNYYTSVFSNHLEKPDPSKPR,11,LNYYTSVFSNHLEKPDPSKP,AT3G09260.1 (353-363)#,0.0,0,0,0.0,0,0,0.0,0,0,0.0,0.0,0,0.0,0.0,0,-0.09,0.04,3,0.34,0.1,2,0.0,0,0,-0.46,0.0,1,0,0.0,0.0,0,0,0,0,0,0,0.0,0,0,0.0,0,0,0,0,0,0,0,0,0,0,0,0,0,0,0,0.0,0.0,0,0,0,0,0,0,0.0,0,0,0.0,0,0,0.0,0,0,0.0,0,0,0,0.0,0.0,0.0,0.0,0,0.0,0.0,0,0,0.0,0.0,0,0.0,0,0.0,0,0.0,0,0.0,0.0,,,,,,,,,,,,,,,,,,,,,,,,,,,,Metacaspase matrix,353,HLEKPDPSKPR,353,363,0.0,0.0
AT3G09260.1,https://www.arabidopsis.org/servlets/Search?type=general&search_action=detail&method=1&show_obsolete=F&name=AT3G09260.1&sub_type=gene&SEARCH_EXACT=4&SEARCH_CONTAINS=1),"Symbols: PYK10, PSR3.1, BGLU23 | PYK10; beta-glucosidase/ copper ion binding / fucosidase/ hydrolase, hydrolyzing O-glycosyl compounds | chr3:2840477-2843781 REVERSE","misc.gluco-, galacto- and mannosidases (26.3)",,,354,363,LEKPDPSKPR,NYYTSVFSNH,LEKPDPSKPR,NYYTSVFSNHLEKPDPSKPR,11,NYYTSVFSNHLEKPDPSKPR,AT3G09260.1 (354-363)#,0.0,0,0,0.0,0,0,0.0,0,0,0.0,0.0,0,0.0,0.0,0,-0.09,0.0,1,0.0,0.0,0,0.0,0,0,0.0,0.0,0,0,0.0,0.0,0,0,0,0,0,0,0.0,0,0,0.0,0,0,0,0,0,0,0,0,0,0,0,0,0,0,0,0.0,0.0,0,0,0,0,0,0,0.0,0,0,0.0,0,0,0.0,0,0,0.0,0,0,0,0.0,0.0,0.0,0.0,0,0.0,0.0,0,0,0.0,0.0,0,0.0,0,0.0,0,0.0,0,0.0,0.0,,,,,,,,,,,,,,,,,,,,,,,,,,,,Metacaspase matrix,354,LEKPDPSKPR,354,363,0.0,0.0
AT3G09260.1,https://www.arabidopsis.org/servlets/Search?type=general&search_action=detail&method=1&show_obsolete=F&name=AT3G09260.1&sub_type=gene&SEARCH_EXACT=4&SEARCH_CONTAINS=1),"Symbols: PYK10, PSR3.1, BGLU23 | PYK10; beta-glucosidase/ copper ion binding / fucosidase/ hydrolase, hydrolyzing O-glycosyl compounds | chr3:2840477-2843781 REVERSE","misc.gluco-, galacto- and mannosidases (26.3)",,,382,396,IGSKPLTAALNVYSR,WESKNAQNYA,IGSKPLTAAL,WESKNAQNYAIGSKPLTAALNVYSR,11,WESKNAQNYAIGSKPLTAAL,AT3G09260.1 (382-396)#,0.0,0,0,0.0,0,0,0.0,0,0,0.0,0.0,0,0.0,0.0,0,0.0,0.0,0,0.26,0.0,1,0.0,0,0,-0.49,0.0,1,0,0.0,0.0,0,0,0,0,0,0,0.0,0,0,0.0,0,0,0,0,0,0,0,0,0,0,0,0,0,0,0,0.0,0.0,0,0,0,0,0,0,0.0,0,0,0.0,0,0,0.0,0,0,0.0,0,0,0,0.0,0.0,0.0,0.0,0,0.0,0.0,0,0,0.0,0.0,0,0.0,0,0.0,0,0.0,0,0.0,0.0,,,,,,,,,,,,,,,,,,,,,,,,,,,,Metacaspase matrix,382,IGSKPLTAALNVYSR,382,396,0.0,0.0
AT3G09260.1,https://www.arabidopsis.org/servlets/Search?type=general&search_action=detail&method=1&show_obsolete=F&name=AT3G09260.1&sub_type=gene&SEARCH_EXACT=4&SEARCH_CONTAINS=1),"Symbols: PYK10, PSR3.1, BGLU23 | PYK10; beta-glucosidase/ copper ion binding / fucosidase/ hydrolase, hydrolyzing O-glycosyl compounds | chr3:2840477-2843781 REVERSE","misc.gluco-, galacto- and mannosidases (26.3)",,,384,396,SKPLTAALNVYSR,SKNAQNYAIG,SKPLTAALNV,SKNAQNYAIGSKPLTAALNVYSR,11,SKNAQNYAIGSKPLTAALNV,AT3G09260.1 (384-396)#,0.0,0,0,0.0,0,0,0.0,0,0,0.2,0.0,1,0.0,0.0,0,0.0,0.0,0,-0.01,0.0,1,0.0,0,0,0.0,0.0,0,0,0.0,0.0,0,0,0,0,0,0,0.0,0,0,0.0,0,0,0,0,0,0,0,0,0,0,0,0,0,0,0,0.0,0.0,0,0,0,0,0,0,0.0,0,0,0.0,0,0,0.0,0,0,0.0,0,0,0,0.0,0.0,0.0,0.0,0,0.0,0.0,0,0,0.0,0.0,0,0.0,0,0.0,0,0.0,0,0.0,0.0,,,,,,,,,,,,,,,,,,,,,,,,,,,,Metacaspase matrix,384,SKPLTAALNVYSR,384,396,0.0,0.0
AT3G09260.1,https://www.arabidopsis.org/servlets/Search?type=general&search_action=detail&method=1&show_obsolete=F&name=AT3G09260.1&sub_type=gene&SEARCH_EXACT=4&SEARCH_CONTAINS=1),"Symbols: PYK10, PSR3.1, BGLU23 | PYK10; beta-glucosidase/ copper ion binding / fucosidase/ hydrolase, hydrolyzing O-glycosyl compounds | chr3:2840477-2843781 REVERSE","misc.gluco-, galacto- and mannosidases (26.3)",,,390,396,ALNVYSR,YAIGSKPLTA,ALNVYSRGFR,YAIGSKPLTAALNVYSR,11,YAIGSKPLTAALNVYSRGFR,AT3G09260.1 (390-396)#,0.0,0,0,0.0,0,0,0.0,0,0,0.0,0.0,0,0.0,0.0,0,0.0,0.0,0,0.0,0.0,0,0.0,0,0,0.0,0.0,0,0,0.0,0.0,0,0,0,0,0,0,0.0,0,0,0.0,0,0,0,0,0,0,0,0,0,0,0,0,0,0,0,0.0,0.0,0,0,0,0,0,0,0.0,0,0,0.0,0,0,0.0,0,0,0.0,0,0,0,0.0,0.0,0.0,0.0,0,0.88,0.0,1,1,0.8833314,0.88,0,0.0,0,0.0,0,0.0,1,0.88,0.22,,,,,,,,,,,,,,,,,,,,,,,,,,,,Metacaspase matrix,390,ALNVYSR,390,396,0.88,0.88
AT3G09260.1,https://www.arabidopsis.org/servlets/Search?type=general&search_action=detail&method=1&show_obsolete=F&name=AT3G09260.1&sub_type=gene&SEARCH_EXACT=4&SEARCH_CONTAINS=1),"Symbols: PYK10, PSR3.1, BGLU23 | PYK10; beta-glucosidase/ copper ion binding / fucosidase/ hydrolase, hydrolyzing O-glycosyl compounds | chr3:2840477-2843781 REVERSE","misc.gluco-, galacto- and mannosidases (26.3)",,,404,440,YIKDKYANPEIMIMENGYGEELGASDSVAVGTADHNR,YSRGFRSLLK,YIKDKYANPE,YSRGFRSLLKYIKDKYANPEIMIMENGYGEELGASDSVAVGTADHNR,11,YSRGFRSLLKYIKDKYANPE,AT3G09260.1 (404-440)#,0.0,0,0,0.0,0,0,0.0,0,0,0.0,0.0,0,0.0,0.0,0,0.0,0.0,0,0.0,0.0,0,0.0,0,0,0.0,0.0,0,0,0.0,0.0,0,0,0,0,0,0,0.0,0,0,0.0,0,0,0,0,0,0,0,0,0,0,0,0,0,0,0,0.0,0.0,0,0,0,0,0,0,0.0,0,0,0.0,0,0,0.0,0,0,0.0,0,0,0,0.0,0.0,0.0,0.0,0,-1.84,0.0,1,1,-1.837334,1.84,0,0.0,0,0.0,0,0.0,1,1.84,0.46,,,,,,,,,,,,,,,,,,,,,,,,,,,,Metacaspase matrix,404,YIKDKYANPEIMIMENGYGEELGASDSVAVGTADHNR,404,440,1.84,1.84
AT3G09260.1,https://www.arabidopsis.org/servlets/Search?type=general&search_action=detail&method=1&show_obsolete=F&name=AT3G09260.1&sub_type=gene&SEARCH_EXACT=4&SEARCH_CONTAINS=1),"Symbols: PYK10, PSR3.1, BGLU23 | PYK10; beta-glucosidase/ copper ion binding / fucosidase/ hydrolase, hydrolyzing O-glycosyl compounds | chr3:2840477-2843781 REVERSE","misc.gluco-, galacto- and mannosidases (26.3)",,,411,440,NPEIMIMENGYGEELGASDSVAVGTADHNR,LLKYIKDKYA,NPEIMIMENG,LLKYIKDKYANPEIMIMENGYGEELGASDSVAVGTADHNR,11,LLKYIKDKYANPEIMIMENG,AT3G09260.1 (411-440)#,0.0,0,0,0.0,0,0,0.0,0,0,0.0,0.0,0,0.0,0.0,0,0.0,0.0,0,0.0,0.0,0,0.0,0,0,0.0,0.0,0,0,0.0,0.0,0,0,0,0,0,0,0.0,0,0,0.0,0,0,0,0,0,0,0,0,0,0,0,0,0,0,0,0.0,0.0,0,0,0,0,0,0,0.0,0,0,0.0,0,0,0.0,0,0,0.0,0,0,0,0.0,0.0,0.0,0.0,0,-0.28,0.0,1,0,0.0,0.0,0,0.0,0,0.0,0,0.0,0,0.0,0.0,,,,,,,,,,,,,,,,,,,,,,,,,,,,Metacaspase matrix,411,NPEIMIMENGYGEELGASDSVAVGTADHNR,411,440,0.0,0.0
AT3G09260.1,https://www.arabidopsis.org/servlets/Search?type=general&search_action=detail&method=1&show_obsolete=F&name=AT3G09260.1&sub_type=gene&SEARCH_EXACT=4&SEARCH_CONTAINS=1),"Symbols: PYK10, PSR3.1, BGLU23 | PYK10; beta-glucosidase/ copper ion binding / fucosidase/ hydrolase, hydrolyzing O-glycosyl compounds | chr3:2840477-2843781 REVERSE","misc.gluco-, galacto- and mannosidases (26.3)",,,418,440,ENGYGEELGASDSVAVGTADHNR,KYANPEIMIM,ENGYGEELGA,KYANPEIMIMENGYGEELGASDSVAVGTADHNR,11,KYANPEIMIMENGYGEELGA,AT3G09260.1 (418-440)#,0.0,0,0,0.0,0,0,0.0,0,0,0.0,0.0,0,0.0,0.0,0,0.25,0.0,1,0.0,0.0,0,0.0,0,0,0.0,0.0,0,0,0.0,0.0,0,0,0,0,0,0,0.0,0,0,0.0,0,0,0,0,0,0,0,0,0,0,0,0,0,0,0,0.0,0.0,0,0,0,0,0,0,0.0,0,0,0.0,0,0,0.0,0,0,0.0,0,0,0,0.0,0.0,0.0,0.0,0,0.0,0.0,0,0,0.0,0.0,0,0.0,0,0.0,0,0.0,0,0.0,0.0,,,,,,,,,,,,,,,,,,,,,,,,,,,,Metacaspase matrix,418,ENGYGEELGASDSVAVGTADHNR,418,440,0.0,0.0
AT3G09260.1,https://www.arabidopsis.org/servlets/Search?type=general&search_action=detail&method=1&show_obsolete=F&name=AT3G09260.1&sub_type=gene&SEARCH_EXACT=4&SEARCH_CONTAINS=1),"Symbols: PYK10, PSR3.1, BGLU23 | PYK10; beta-glucosidase/ copper ion binding / fucosidase/ hydrolase, hydrolyzing O-glycosyl compounds | chr3:2840477-2843781 REVERSE","misc.gluco-, galacto- and mannosidases (26.3)",,,423,440,EELGASDSVAVGTADHNR,EIMIMENGYG,EELGASDSVA,EIMIMENGYGEELGASDSVAVGTADHNR,11,EIMIMENGYGEELGASDSVA,AT3G09260.1 (423-440)#,0.0,0,0,0.0,0,0,0.0,0,0,0.0,0.0,0,0.0,0.0,0,-1.92,0.0,1,0.0,0.0,1,0.0,0,0,0.0,0.0,0,1,-1.918718,1.92,0,0,0,0,0,0,0.0,0,0,0.0,0,0,0,0,0,0,0,0,0,0,0,0,0,0,0,0.0,0.0,0,0,0,0,0,0,0.0,0,0,0.0,0,0,0.0,0,0,0.0,0,0,0,0.0,0.0,0.0,0.0,0,-0.06,0.063257593,2,0,0.0,0.0,1,1.92,0,0.0,0,0.0,0,0.0,0.48,,,,,,,,,,,,,,,,,,,,,,,,,,,,Metacaspase matrix,423,EELGASDSVAVGTADHNR,423,440,1.92,1.92
AT3G09260.1,https://www.arabidopsis.org/servlets/Search?type=general&search_action=detail&method=1&show_obsolete=F&name=AT3G09260.1&sub_type=gene&SEARCH_EXACT=4&SEARCH_CONTAINS=1),"Symbols: PYK10, PSR3.1, BGLU23 | PYK10; beta-glucosidase/ copper ion binding / fucosidase/ hydrolase, hydrolyzing O-glycosyl compounds | chr3:2840477-2843781 REVERSE","misc.gluco-, galacto- and mannosidases (26.3)",,,427,440,ASDSVAVGTADHNR,MENGYGEELG,ASDSVAVGTA,MENGYGEELGASDSVAVGTADHNR,11,MENGYGEELGASDSVAVGTA,AT3G09260.1 (427-440)#,0.0,0,0,0.0,0,0,0.0,0,0,0.0,0.0,0,0.0,0.0,0,-0.6,0.0,1,0.0,0.0,0,0.0,0,0,0.0,0.0,0,1,-0.5973982,0.6,0,0,0,0,0,0,0.0,0,0,0.0,0,0,0,0,0,0,0,0,0,0,0,0,0,0,0,0.0,0.0,0,0,0,0,0,0,0.0,0,0,0.0,0,0,0.0,0,0,0.0,0,0,0,0.0,0.0,0.0,0.0,0,0.0,0.0,0,0,0.0,0.0,1,0.6,0,0.0,0,0.0,0,0.0,0.15,,,,,,,,,,,,,,,,,,,,,,,,,,,,Metacaspase matrix,427,ASDSVAVGTADHNR,427,440,0.6,0.6
AT3G09260.1,https://www.arabidopsis.org/servlets/Search?type=general&search_action=detail&method=1&show_obsolete=F&name=AT3G09260.1&sub_type=gene&SEARCH_EXACT=4&SEARCH_CONTAINS=1),"Symbols: PYK10, PSR3.1, BGLU23 | PYK10; beta-glucosidase/ copper ion binding / fucosidase/ hydrolase, hydrolyzing O-glycosyl compounds | chr3:2840477-2843781 REVERSE","misc.gluco-, galacto- and mannosidases (26.3)",,,507,524,KDFLSQGVRPSALKKDEL,RYEKESGKYY,KDFLSQGVRP,RYEKESGKYYKDFLSQGVRPSALKKDEL,11,RYEKESGKYYKDFLSQGVRP,AT3G09260.1 (507-524)#,0.0,0,0,0.0,0,0,0.0,0,0,0.0,0.0,0,0.0,0.0,0,0.0,0.0,0,0.28,0.1,2,0.0,0,0,-0.64,0.17,2,1,-0.6438167,0.64,0,0,0,0,0,0,0.0,0,0,0.0,0,0,0,0,0,0,0,0,0,0,0,0,0,0,0,0.0,0.0,0,0,0,0,0,0,0.0,0,0,0.0,0,0,0.0,0,0,0.0,0,0,0,0.0,0.0,0.0,0.0,0,0.0,0.0,0,0,0.0,0.0,1,0.64,0,0.0,0,0.0,0,0.0,0.16,,,,,,,,,,,,,,,,,,,,,,,,,,,,Metacaspase matrix,507,KDFLSQGVRPSALKKDEL,507,524,0.64,0.64
AT3G09260.1,https://www.arabidopsis.org/servlets/Search?type=general&search_action=detail&method=1&show_obsolete=F&name=AT3G09260.1&sub_type=gene&SEARCH_EXACT=4&SEARCH_CONTAINS=1),"Symbols: PYK10, PSR3.1, BGLU23 | PYK10; beta-glucosidase/ copper ion binding / fucosidase/ hydrolase, hydrolyzing O-glycosyl compounds | chr3:2840477-2843781 REVERSE","misc.gluco-, galacto- and mannosidases (26.3)",,,507,515,KDFLSQGVR,RYEKESGKYY,KDFLSQGVRP,RYEKESGKYYKDFLSQGVR,11,RYEKESGKYYKDFLSQGVRP,AT3G09260.1 (507-515)#,0.0,0,0,0.0,0,0,0.0,0,0,0.0,0.0,0,0.0,0.0,0,0.0,0.0,0,0.5,0.0,1,-0.48,0,1,0.0,0.0,0,0,0.0,0.0,0,0,0,0,0,0,0.0,0,0,0.0,0,0,0,0,0,0,0,0,0,0,0,0,0,0,0,0.0,0.0,0,0,0,0,0,0,0.0,0,0,0.0,0,0,0.0,0,0,0.0,0,0,0,0.0,0.0,0.0,0.0,0,0.0,0.0,0,0,0.0,0.0,0,0.0,0,0.0,0,0.0,0,0.0,0.0,,,,,,,,,,,,,,,,,,,,,,,,,,,,Metacaspase matrix,507,KDFLSQGVR,507,515,0.0,0.0
AT3G09260.1,https://www.arabidopsis.org/servlets/Search?type=general&search_action=detail&method=1&show_obsolete=F&name=AT3G09260.1&sub_type=gene&SEARCH_EXACT=4&SEARCH_CONTAINS=1),"Symbols: PYK10, PSR3.1, BGLU23 | PYK10; beta-glucosidase/ copper ion binding / fucosidase/ hydrolase, hydrolyzing O-glycosyl compounds | chr3:2840477-2843781 REVERSE","misc.gluco-, galacto- and mannosidases (26.3)",,,508,524,DFLSQGVRPSALKKDEL,YEKESGKYYK,DFLSQGVRPS,YEKESGKYYKDFLSQGVRPSALKKDEL,11,YEKESGKYYKDFLSQGVRPS,AT3G09260.1 (508-524)#,-0.17,0,1,0.0,0,0,0.0,0,0,0.0,0.0,0,0.0,0.0,0,0.0,0.0,0,0.42,0.11,4,-0.28,0,1,-0.77,0.0,1,1,-0.7725118,0.77,0,0,0,0,0,0,0.0,0,0,0.0,0,0,0,0,0,0,0,0,0,0,0,0,0,0,0,0.0,0.0,0,0,0,0,0,0,0.0,0,0,0.0,0,0,0.0,0,0,0.0,0,0,0,0.0,0.0,0.0,0.0,0,0.0,0.0,0,0,0.0,0.0,1,0.77,0,0.0,0,0.0,0,0.0,0.1925,,,,,,,,,,,,,,,,,,,,,,,,,,,,Metacaspase matrix,508,DFLSQGVRPSALKKDEL,508,524,0.77,0.77
AT3G09260.1,https://www.arabidopsis.org/servlets/Search?type=general&search_action=detail&method=1&show_obsolete=F&name=AT3G09260.1&sub_type=gene&SEARCH_EXACT=4&SEARCH_CONTAINS=1),"Symbols: PYK10, PSR3.1, BGLU23 | PYK10; beta-glucosidase/ copper ion binding / fucosidase/ hydrolase, hydrolyzing O-glycosyl compounds | chr3:2840477-2843781 REVERSE","misc.gluco-, galacto- and mannosidases (26.3)",,,511,524,SQGVRPSALKKDEL,ESGKYYKDFL,SQGVRPSALK,ESGKYYKDFLSQGVRPSALKKDEL,11,ESGKYYKDFLSQGVRPSALK,AT3G09260.1 (511-524)#,0.0,0,0,0.29,0,1,0.0,0,0,0.0,0.0,0,0.0,0.0,0,0.03,0.0,1,0.4,0.03,2,0.0,0,0,-0.7,0.13,4,1,-0.7049335,0.7,0,0,0,0,0,0,0.0,0,0,0.0,0,0,0,0,0,0,0,0,0,0,0,0,0,0,0,0.0,0.0,0,0,0,0,0,0,0.0,0,0,0.0,0,0,0.0,0,0,0.0,0,0,0,0.0,0.0,0.06,0.108282189,3,0.0,0.0,0,0,0.0,0.0,1,0.7,0,0.0,0,0.0,0,0.0,0.175,,,,,,,,,,,,,,,,,,,,,,,,,,,,Metacaspase matrix,511,SQGVRPSALKKDEL,511,524,0.7,0.7
AT3G09260.1,https://www.arabidopsis.org/servlets/Search?type=general&search_action=detail&method=1&show_obsolete=F&name=AT3G09260.1&sub_type=gene&SEARCH_EXACT=4&SEARCH_CONTAINS=1),"Symbols: PYK10, PSR3.1, BGLU23 | PYK10; beta-glucosidase/ copper ion binding / fucosidase/ hydrolase, hydrolyzing O-glycosyl compounds | chr3:2840477-2843781 REVERSE","misc.gluco-, galacto- and mannosidases (26.3)",,,25,37,DGPVCPPSNKLSR,LTIVASPANA,DGPVCPPSNK,LTIVASPANADGPVCPPSNKLSR,11,LTIVASPANADGPVCPPSNK,AT3G09260.1 (25-37)#,1.63,0,1,0.0,0,0,0.0,0,0,0.0,0.0,0,-0.11,0.11,2,0.28,0.04,3,-0.29,0.0,1,0.0,0,0,0.0,0.04,2,1,1.627996,1.63,0,0,0,0,0,0,-0.03,0,1,0.01,0,1,0,0,0,0,0,0,0,0,0,0,0,0,0,0.0,0.0,0,0,0,0,0,0,0.0,0,0,0.0,0,0,0.0,0,0,0.0,0,0,0,0.0,0.0,0.0,0.0,0,0.57,0.0,1,0,0.0,0.0,1,1.63,0,0.0,0,0.0,0,0.0,0.4075,,,,,,,,,,,,,,,,,,,,,,,,,,,,Metacaspase matrix,25,DGPVCPPSNKLSR,25,37,1.63,1.63
AT3G09260.1,https://www.arabidopsis.org/servlets/Search?type=general&search_action=detail&method=1&show_obsolete=F&name=AT3G09260.1&sub_type=gene&SEARCH_EXACT=4&SEARCH_CONTAINS=1),"Symbols: PYK10, PSR3.1, BGLU23 | PYK10; beta-glucosidase/ copper ion binding / fucosidase/ hydrolase, hydrolyzing O-glycosyl compounds | chr3:2840477-2843781 REVERSE","misc.gluco-, galacto- and mannosidases (26.3)",,,228,234,AKCQDGR,APGRCSSYVN,AKCQDGRSGY,APGRCSSYVNAKCQDGR,11,APGRCSSYVNAKCQDGRSGY,AT3G09260.1 (228-234)#,0.0,0,0,0.0,0,0,0.0,0,0,0.0,0.0,0,0.14,0.24,2,-0.29,0.03,2,0.07,0.0,1,0.0,0,0,-0.6,0.12,2,1,-0.597932,0.6,0,0,0,0,0,0,0.0,0,0,0.0,0,0,0,0,0,0,0,0,0,0,0,0,0,0,0,0.0,0.0,0,0,0,0,0,0,-0.44,0,1,0.0,0,0,0.26,0,1,0.0,0,0,0,0.0,0.0,0.12,0.0,1,0.0,0.0,0,0,0.0,0.0,1,0.6,0,0.0,0,0.0,0,0.0,0.15,,,,,,,,,,,,,,,,,,,,,,,,,,,,Metacaspase matrix,228,AKCQDGR,228,234,0.6,0.6
AT3G09260.1,https://www.arabidopsis.org/servlets/Search?type=general&search_action=detail&method=1&show_obsolete=F&name=AT3G09260.1&sub_type=gene&SEARCH_EXACT=4&SEARCH_CONTAINS=1),"Symbols: PYK10, PSR3.1, BGLU23 | PYK10; beta-glucosidase/ copper ion binding / fucosidase/ hydrolase, hydrolyzing O-glycosyl compounds | chr3:2840477-2843781 REVERSE","misc.gluco-, galacto- and mannosidases (26.3)",,,285,293,SQDGASIDR,AWFEAHDLAD,SQDGASIDRA,AWFEAHDLADSQDGASIDR,11,AWFEAHDLADSQDGASIDRA,AT3G09260.1 (285-293)#,0.0,0,0,0.0,0,0,0.0,0,0,0.0,0.0,0,0.24,0.0,1,-0.75,0.0,1,0.0,0.0,0,0.0,0,0,0.0,0.0,0,1,-0.7536908,0.75,0,0,0,0,0,0,0.0,0,0,0.0,0,0,0,0,0,0,0,0,0,0,0,0,0,0,0,0.0,0.0,0,0,0,0,0,0,0.0,0,0,0.0,0,0,0.29,0,1,0.67,0,1,1,0.6721026,0.67,-0.14,0.0,1,-1.05,0.0,1,1,-1.053657,1.05,1,0.75,0,0.0,1,0.67,1,1.05,0.2354566093749999,,,,,,,,,,,,,,,,,,,,,,,,,,,,Metacaspase matrix,285,SQDGASIDR,285,293,1.05,1.05
AT3G09260.1,https://www.arabidopsis.org/servlets/Search?type=general&search_action=detail&method=1&show_obsolete=F&name=AT3G09260.1&sub_type=gene&SEARCH_EXACT=4&SEARCH_CONTAINS=1),"Symbols: PYK10, PSR3.1, BGLU23 | PYK10; beta-glucosidase/ copper ion binding / fucosidase/ hydrolase, hydrolyzing O-glycosyl compounds | chr3:2840477-2843781 REVERSE","misc.gluco-, galacto- and mannosidases (26.3)",,,389,396,AALNVYSR,NYAIGSKPLT,AALNVYSRGF,NYAIGSKPLTAALNVYSR,11,NYAIGSKPLTAALNVYSRGF,AT3G09260.1 (389-396)#,0.0,0,0,0.0,0,0,0.12,0,1,0.06,0.0,1,0.0,0.0,0,-0.13,0.08,2,0.32,0.0,1,-0.27,0,1,-0.48,0.0,1,0,0.0,0.0,0,0,0,0,0,0,0.0,0,0,-1.26,0,1,0,0,0,0,0,0,0,0,0,0,0,0,1,-1.262747,1.26,0,0,0,0,0,0,2.07,0,1,3.05,0,1,0.0,0,0,1.08,0,1,3,2.06551,8.81,1.37,0.027051556,2,1.52,0.002599395,2,2,1.446813,2.09,0,0.0,1,1.26,3,8.81,2,2.09,28.094464000000002,,,,,,,,,,,,,,,,,,,,,,,,,,,,Metacaspase matrix,389,AALNVYSR,389,396,28.094464000000002,28.094464000000002
