rank,cleavage_site,datasets_supporting,datasets,support_class,is_exact_three_dataset_site,Semitryptome,HUNTER MJ,Metacaspase matrix,semitryptome_weight,hunter_mj_weight,metacaspase_weight,normalized_cross_dataset_score,n_observations,peptides
1,389,3,Semitryptome; HUNTER MJ; Metacaspase matrix,3/3 datasets,True,1,1,1,46.0,4.76920503413432,28.094464000000002,1.7779514331846882,3,AALNVYSR;NAQNYAIGSKPLT
2,25,3,Semitryptome; HUNTER MJ; Metacaspase matrix,3/3 datasets,True,1,1,1,350.0,0.675313783774615,1.63,1.1495654191381246,3,DGPVCPPSNKLSR;DGPVCPPSNK
3,279,3,Semitryptome; HUNTER MJ; Metacaspase matrix,3/3 datasets,True,1,1,1,26.0,6.78459412110755,0.91,1.0264094274642146,3,AHDLADSQDGASIDR;IGIAHSPAWFE
4,384,3,Semitryptome; HUNTER MJ; Metacaspase matrix,3/3 datasets,True,1,1,1,24.0,3.16035441896242,0.0,0.4969953207059069,3,SKPLTAALNVYSR
5,382,3,Semitryptome; HUNTER MJ; Metacaspase matrix,3/3 datasets,True,1,1,1,10.0,3.17988795352665,0.0,0.4596433252635408,3,IGSKPLTAALNVYSR
6,206,2,Semitryptome; HUNTER MJ,2/3 datasets,False,1,1,0,36.0,5.21880882767238,0.0,0.8103291836009888,3,VFSHAGYDVGKKAPGR;SPEEVTGEEH;VFSHAGYDVGK
7,208,2,Semitryptome; HUNTER MJ,2/3 datasets,False,1,1,0,21.0,3.72430800455786,0.0,0.5648745549697298,2,SHAGYDVGKKAPGR;HWITFNEPWVF
8,387,2,Semitryptome; HUNTER MJ,2/3 datasets,False,1,1,0,11.0,2.71360264468692,0.0,0.3992899099441642,2,LTAALNVYSR;NAQNYAIGSKP
9,282,2,Semitryptome; Metacaspase matrix,2/3 datasets,False,1,0,1,49.0,0.0,4.37,0.2955466585872576,2,LADSQDGASIDR;IGIAHSPAWFEAHD
10,246,2,Semitryptome; Metacaspase matrix,2/3 datasets,False,1,0,1,99.0,0.0,0.0,0.28285714285714286,2,LLISHAEAVEAYR;LLISHAEAVEAYRK
11,281,2,Semitryptome; Metacaspase matrix,2/3 datasets,False,1,0,1,88.0,0.0,0.63,0.2738529180898923,2,DLADSQDGASIDR
12,222,2,Semitryptome; HUNTER MJ,2/3 datasets,False,1,1,0,2.0,1.75757551815118,0.0,0.24397469716959816,2,CSSYVNAKCQDGR;SEYITAVDGTYDK
13,160,2,Semitryptome; Metacaspase matrix,2/3 datasets,False,1,0,1,63.0,0.0,0.0,0.18,3,TPQDLEDEYGGFLSER;SDDGTVWDDGAYVGVKK;NGITPFVTVFHWD
14,284,2,Semitryptome; Metacaspase matrix,2/3 datasets,False,1,0,1,49.0,0.0,0.61,0.1617124626403266,2,DSQDGASIDR
15,349,2,Semitryptome; HUNTER MJ,2/3 datasets,False,1,1,0,6.0,0.850885559822597,0.0,0.13249058558525886,2,VFSNHLEKPDPSKPR;ASTDFVGLNYYTS
16,210,2,Semitryptome; Metacaspase matrix,2/3 datasets,False,1,0,1,38.0,0.0,0.61,0.13028389121175515,2,AGYDVGKKAPGR;HWITFNEPWVFSH
17,285,2,Semitryptome; Metacaspase matrix,2/3 datasets,False,1,0,1,32.0,0.0,1.05,0.12880248253077292,2,SQDGASIDR;IGIAHSPAWFEAHDLAD
18,82,2,Semitryptome; Metacaspase matrix,2/3 datasets,False,1,0,1,27.0,0.0,1.27,0.12234749247599608,3,NDNGDVAVDFFHR;VLPADPFVINHPDEHLVSVE;NDNGDVAVDFFHR
19,80,2,HUNTER MJ; Metacaspase matrix,2/3 datasets,False,0,1,1,0.0,0.741022228126262,0.0,0.10045443802984792,2,CNNDNGDVAVDFFHR;CNNDNGDVAVDFFH
20,248,2,Semitryptome; Metacaspase matrix,2/3 datasets,False,1,0,1,34.0,0.0,0.0,0.09714285714285714,2,ISHAEAVEAYR;ISHAEAVEAYRK
21,278,2,Semitryptome; Metacaspase matrix,2/3 datasets,False,1,0,1,22.0,0.0,0.96,0.09702757586486993,2,EAHDLADSQDGASIDR
22,102,2,Semitryptome; Metacaspase matrix,2/3 datasets,False,1,0,1,6.0,0.0,2.09,0.09153473733676294,3,MKNLNTDAFR;SDVIGSDEGTHFTLQVK;YKEDIQL
23,103,2,Semitryptome; Metacaspase matrix,2/3 datasets,False,1,0,1,19.0,0.0,0.99,0.08952397332493282,3,KNLNTDAFR;DVIGSDEGTHFTLQVK;YKEDIQLM
24,235,2,Semitryptome; Metacaspase matrix,2/3 datasets,False,1,0,1,2.0,0.0,2.32,0.08829283214962613,3,SGYEAYLVTHN;SGYEAYLVTH;GSDGSVITMLR
25,283,2,Semitryptome; Metacaspase matrix,2/3 datasets,False,1,0,1,20.0,0.0,0.5,0.074939957667715,2,ADSQDGASIDR
26,423,2,Semitryptome; Metacaspase matrix,2/3 datasets,False,1,0,1,2.0,0.0,1.92,0.07405515172973985,2,EELGASDSVAVGTADHNR
27,390,2,Semitryptome; Metacaspase matrix,2/3 datasets,False,1,0,1,14.0,0.0,0.88,0.07132289692374982,2,ALNVYSR;NAQNYAIGSKPLTA
28,418,2,Semitryptome; Metacaspase matrix,2/3 datasets,False,1,0,1,24.0,0.0,0.0,0.06857142857142857,2,ENGYGEELGASDSVAVGTADHNR;DKYANPEIMIM
29,251,2,Semitryptome; Metacaspase matrix,2/3 datasets,False,1,0,1,19.0,0.0,0.06,0.056421366348697224,2,AEAVEAYR
30,427,2,Semitryptome; Metacaspase matrix,2/3 datasets,False,1,0,1,11.0,0.0,0.6,0.052785092058400845,2,ASDSVAVGTADHNR;ASDSVAVGTADHNRK
31,23,2,Semitryptome; Metacaspase matrix,2/3 datasets,False,1,0,1,11.0,0.0,0.0,0.03142857142857143,2,NADGPVCPPSNKLSR;NADGPVCPPSNK
32,280,2,Semitryptome; Metacaspase matrix,2/3 datasets,False,1,0,1,2.0,0.0,0.65,0.02885051639660092,2,HDLADSQDGASIDR
33,104,2,Semitryptome; Metacaspase matrix,2/3 datasets,False,1,0,1,10.0,0.0,0.0,0.02857142857142857,2,NLNTDAFR;VIGSDEGTHFTLQVK
34,224,2,Semitryptome; Metacaspase matrix,2/3 datasets,False,1,0,1,2.0,0.0,0.56,0.02564703830212651,2,SYVNAKCQDGR;YITAVDGTYDK
35,348,2,Semitryptome; Metacaspase matrix,2/3 datasets,False,1,0,1,8.0,0.0,0.0,0.022857142857142857,2,SVFSNHLEKPDPSKPR;LKASTDFVGLNYYT
36,354,2,Semitryptome; Metacaspase matrix,2/3 datasets,False,1,0,1,7.0,0.0,0.0,0.02,2,LEKPDPSKPR;LKASTDFVGLNYYTSVFSNH
37,250,2,Semitryptome; Metacaspase matrix,2/3 datasets,False,1,0,1,5.0,0.0,0.0,0.014285714285714285,2,HAEAVEAYR
38,252,2,Semitryptome; Metacaspase matrix,2/3 datasets,False,1,0,1,4.0,0.0,0.0,0.011428571428571429,3,EAVEAYR;SGYEAYLVTHNLLISHA;TSPPFGLEAGTAFELKEEGHK
39,223,2,Semitryptome; Metacaspase matrix,2/3 datasets,False,1,0,1,4.0,0.0,0.0,0.011428571428571429,2,SSYVNAKCQDGR;EYITAVDGTYDK
40,209,2,Semitryptome; Metacaspase matrix,2/3 datasets,False,1,0,1,3.0,0.0,0.0,0.008571428571428572,2,HAGYDVGKKAPGR;HWITFNEPWVFS
41,249,2,Semitryptome; Metacaspase matrix,2/3 datasets,False,1,0,1,3.0,0.0,0.0,0.008571428571428572,2,SHAEAVEAYR;SGYEAYLVTHNLLI
42,369,1,HUNTER MJ,1/3 datasets,False,0,1,0,0.0,7.37669975224074,0.0,1.0,2,LITWESKNAQNYAIGSKPLTAALNVYSR;LITWESKNAQNYAIGSKPLTAALNVYSR
43,407,1,HUNTER MJ,1/3 datasets,False,0,1,0,0.0,6.25010437038127,0.0,0.8472765030842883,2,DKYANPEIMIMENGYGEELGASDSVAVGTADHNR;DKYANPEIMIMENGYGEELGASDSVAVGTADHNR
44,245,1,Semitryptome,1/3 datasets,False,1,0,0,217.0,0.0,0.0,0.62,1,NLLISHAEAVEAYRK
45,370,1,HUNTER MJ,1/3 datasets,False,0,1,0,0.0,4.1764364244494,0.0,0.5661659772963877,2,ITWESKNAQNYAIGSKPLTAALNVYSR;ITWESKNAQNYAIGSKPLTAALNVYSR
46,239,1,HUNTER MJ,1/3 datasets,False,0,1,0,0.0,3.74467650201653,0.0,0.5076357487478124,1,AYLVTHNLLISHAEAVEAYR
47,153,1,Semitryptome,1/3 datasets,False,1,0,0,149.0,0.0,0.0,0.4257142857142857,2,KQLTAFGSDDGTVWDDGAYVGVK;VTVFHWDTPQDLEDEYGGFLSER
48,273,1,Semitryptome,1/3 datasets,False,1,0,0,141.0,0.0,0.0,0.40285714285714286,1,SPAWFEAHDLADSQDGASIDR
49,376,1,HUNTER MJ,1/3 datasets,False,0,1,0,0.0,2.54371151650443,0.0,0.3448305613539109,1,NAQNYAIGSKPLTAALNVYSR
50,2,1,Semitryptome,1/3 datasets,False,1,0,0,112.0,0.0,0.0,0.32,3,AQKVEAQGGK;GSGLNDTLSR;AQKVEAK
51,140,1,Semitryptome,1/3 datasets,False,1,0,0,94.0,0.0,0.0,0.26857142857142857,2,FAPLTTTTPLTPAK;GVSQAGVQFYHD
52,302,1,Semitryptome,1/3 datasets,False,1,0,0,90.0,0.0,0.0,0.2571428571428571,1,HLDTTTFGDYPQIMK
53,518,1,Semitryptome,1/3 datasets,False,1,0,0,77.0,0.0,0.0,0.22,1,DFLSQGVRPS
54,520,1,Semitryptome,1/3 datasets,False,1,0,0,75.0,0.0,0.0,0.21428571428571427,1,DFLSQGVRPSAL
55,241,1,Semitryptome,1/3 datasets,False,1,0,0,64.0,0.0,0.0,0.18285714285714286,1,LVTHNLLISHAEAVEAYR
56,135,1,Semitryptome,1/3 datasets,False,1,0,0,58.0,0.0,0.0,0.1657142857142857,2,QFYHDLIDELIK;SLGAYFAPLTTTTPLTPAK
57,395,1,Semitryptome,1/3 datasets,False,1,0,0,56.0,0.0,0.0,0.16,1,NAQNYAIGSKPLTAALNVY
58,163,1,Semitryptome,1/3 datasets,False,1,0,0,55.0,0.0,0.0,0.15714285714285714,2,GTVWDDGAYVGVKK;DLEDEYGGFLSER
59,377,1,Semitryptome,1/3 datasets,False,1,0,0,54.0,0.0,0.0,0.15428571428571428,1,AQNYAIGSKPLTAALNVYSR
60,216,1,HUNTER MJ,1/3 datasets,False,0,1,0,0.0,1.12934720781775,0.0,0.15309653988217434,1,KKAPGRCSSYVNAKCQDGR
61,359,1,Semitryptome,1/3 datasets,False,1,0,0,51.0,0.0,0.0,0.1457142857142857,1,ASTDFVGLNYYTSVFSNHLEKPD
62,126,1,Semitryptome,1/3 datasets,False,1,0,0,48.0,0.0,0.0,0.13714285714285715,1,HGSAGGNLNSLGAYFAPLTTTTPLTPAK
63,364,1,HUNTER MJ,1/3 datasets,False,0,1,0,0.0,1.00254263277659,0.0,0.1359066610338937,1,WMQDSLITWESKNAQNYAIGSKPLTAALNVYSR
64,416,1,Semitryptome,1/3 datasets,False,1,0,0,47.0,0.0,0.0,0.13428571428571429,1,DKYANPEIM
65,372,1,HUNTER MJ,1/3 datasets,False,0,1,0,0.0,0.944713702363078,0.0,0.12806725691609075,1,WESKNAQNYAIGSKPLTAALNVYSR
66,165,1,Semitryptome,1/3 datasets,False,1,0,0,43.0,0.0,0.0,0.12285714285714286,3,DDGAYVGVKK;VWDDGAYVGVK;EDEYGGFLSER
67,167,1,Semitryptome,1/3 datasets,False,1,0,0,43.0,0.0,0.0,0.12285714285714286,2,DDGAYVGVK;EYGGFLSER
68,81,1,Semitryptome,1/3 datasets,False,1,0,0,41.0,0.0,0.0,0.11714285714285715,1,NNDNGDVAVDFFHR
69,15,1,Semitryptome,1/3 datasets,False,1,0,0,39.0,0.0,0.0,0.11142857142857143,1,LWDDGSTHDAVTK
70,374,1,HUNTER MJ,1/3 datasets,False,0,1,0,0.0,0.821917049289922,0.0,0.11142069989228681,1,SKNAQNYAIGSKPLTAALNVYSR
71,388,1,Semitryptome,1/3 datasets,False,1,0,0,38.0,0.0,0.0,0.10857142857142857,1,NAQNYAIGSKPL
72,202,1,Semitryptome,1/3 datasets,False,1,0,0,37.0,0.0,0.0,0.10571428571428572,2,FVYDKSPEEVTGE;NEPWVFSHAGYDVGK
73,420,1,Semitryptome,1/3 datasets,False,1,0,0,37.0,0.0,0.0,0.10571428571428572,1,GYGEELGASDSVAVGTADHNRK
74,469,1,Semitryptome,1/3 datasets,False,1,0,0,37.0,0.0,0.0,0.10571428571428572,1,SLLDNFEWQDGYKNR
75,138,1,Semitryptome,1/3 datasets,False,1,0,0,36.0,0.0,0.0,0.10285714285714286,2,IIGFHGSAGGNLNSLG;HDLIDELIK
76,519,1,Semitryptome,1/3 datasets,False,1,0,0,36.0,0.0,0.0,0.10285714285714286,1,DFLSQGVRPSA
77,137,1,Semitryptome,1/3 datasets,False,1,0,0,34.0,0.0,0.0,0.09714285714285714,2,YHDLIDELIK;GAYFAPLTTTTPLTPAK
78,179,1,Semitryptome,1/3 datasets,False,1,0,0,34.0,0.0,0.0,0.09714285714285714,2,QAQDGISAVK;VGQAQDGISAVK
79,106,1,Semitryptome,1/3 datasets,False,1,0,0,34.0,0.0,0.0,0.09714285714285714,1,GSDEGTHFTLQVK
80,177,1,Semitryptome,1/3 datasets,False,1,0,0,34.0,0.0,0.0,0.09714285714285714,1,VGQAQDGISAVK
81,157,1,Semitryptome,1/3 datasets,False,1,0,0,33.0,0.0,0.0,0.09428571428571429,3,GSDDGTAWDDGAYVGVK;AFGSDDGTVWDDGAYVGVKK;HWDTPQDLEDEYGGFLSER
82,254,1,Semitryptome,1/3 datasets,False,1,0,0,32.0,0.0,0.0,0.09142857142857143,1,TSPPFGLEAGTVFELKEEGHK
83,366,1,Semitryptome,1/3 datasets,False,1,0,0,32.0,0.0,0.0,0.09142857142857143,1,QDSLITWESK
84,159,1,Semitryptome,1/3 datasets,False,1,0,0,30.0,0.0,0.0,0.08571428571428572,2,GSDDGTVWDDGAYVGVK;DTPQDLEDEYGGFLSER
85,76,1,HUNTER MJ,1/3 datasets,False,0,1,0,0.0,0.614619205507054,0.0,0.08331899442163926,1,YPERCNNDNGDVAVDFFHR
86,85,1,Semitryptome,1/3 datasets,False,1,0,0,29.0,0.0,0.0,0.08285714285714285,2,VLPADPFVINHPDEHLVSVEGWY;GDVAVDFFHR
87,288,1,Semitryptome,1/3 datasets,False,1,0,0,29.0,0.0,0.0,0.08285714285714285,1,IGIAHSPAWFEAHDLADSQD
88,164,1,Semitryptome,1/3 datasets,False,1,0,0,28.0,0.0,0.0,0.08,2,TVWDDGAYVGVK;LEDEYGGFLSER
89,16,1,Semitryptome,1/3 datasets,False,1,0,0,28.0,0.0,0.0,0.08,1,WDDGSTHDAVTK
90,19,1,HUNTER MJ,1/3 datasets,False,0,1,0,0.0,0.588598200019873,0.0,0.07979153548185025,1,ASPANADGPVCPPSNKLSR
91,265,1,HUNTER MJ,1/3 datasets,False,0,1,0,0.0,0.587014798228732,0.0,0.07957688640511916,1,GGKIGIAHSPAWFEAHDLADSQDGASIDR
92,430,1,Semitryptome,1/3 datasets,False,1,0,0,27.0,0.0,0.0,0.07714285714285714,1,SVAVGTADHNR
93,367,1,Semitryptome,1/3 datasets,False,1,0,0,26.0,0.0,0.0,0.07428571428571429,1,DSLITWESK
94,105,1,Semitryptome,1/3 datasets,False,1,0,0,25.0,0.0,0.0,0.07142857142857142,2,IGSDEGTHFTLQVK;LNTDAFR
95,381,1,Semitryptome,1/3 datasets,False,1,0,0,25.0,0.0,0.0,0.07142857142857142,1,AIGSKPLTAALNVYSR
96,141,1,Semitryptome,1/3 datasets,False,1,0,0,24.0,0.0,0.0,0.06857142857142857,1,IIGFHGSAGGNLNSLGAYF
97,276,1,Semitryptome,1/3 datasets,False,1,0,0,23.0,0.0,0.0,0.06571428571428571,1,WFEAHDLADSQDGASIDR
98,404,1,Metacaspase matrix,1/3 datasets,False,0,0,1,0.0,0.0,1.84,0.06549332993147688,1,YIKDKYANPEIMIMENGYGEELGASDSVAVGTADHNR
99,142,1,Semitryptome,1/3 datasets,False,1,0,0,22.0,0.0,0.0,0.06285714285714286,1,PLTTTTPLTPAK
100,14,1,Semitryptome,1/3 datasets,False,1,0,0,21.0,0.0,0.0,0.06,1,NLWDDGSTHDAVTK
101,365,1,Semitryptome,1/3 datasets,False,1,0,0,20.0,0.0,0.0,0.05714285714285714,1,MQDSLITWESK
102,380,1,Semitryptome,1/3 datasets,False,1,0,0,20.0,0.0,0.0,0.05714285714285714,1,YAIGSKPLTAALNVYSR
103,114,1,Semitryptome,1/3 datasets,False,1,0,0,19.0,0.0,0.0,0.054285714285714284,1,TSDVIGSDEGTHF
104,345,1,Semitryptome,1/3 datasets,False,1,0,0,19.0,0.0,0.0,0.054285714285714284,1,LKASTDFVGLN
105,24,1,Semitryptome,1/3 datasets,False,1,0,0,18.0,0.0,0.0,0.05142857142857143,1,GANLWDDGSTHD
106,293,1,Semitryptome,1/3 datasets,False,1,0,0,18.0,0.0,0.0,0.05142857142857143,1,IGIAHSPAWFEAHDLADSQDGASID
107,393,1,Semitryptome,1/3 datasets,False,1,0,0,18.0,0.0,0.0,0.05142857142857143,1,NAQNYAIGSKPLTAALN
108,203,1,Semitryptome,1/3 datasets,False,1,0,0,17.0,0.0,0.0,0.04857142857142857,3,FVYDKSPEEVTGEE;FVYDKSPEEVTG;VKHWITFN
109,27,1,Semitryptome,1/3 datasets,False,1,0,0,17.0,0.0,0.0,0.04857142857142857,1,PVCPPSNK
110,50,1,Semitryptome,1/3 datasets,False,1,0,0,17.0,0.0,0.0,0.04857142857142857,1,PEQAPLRGTK
111,277,1,Semitryptome,1/3 datasets,False,1,0,0,17.0,0.0,0.0,0.04857142857142857,1,IGIAHSPAW
112,193,1,Semitryptome,1/3 datasets,False,1,0,0,16.0,0.0,0.0,0.045714285714285714,2,KSPEEVTGEEHGK;YDKSPEEVTGEEHGK
113,195,1,Semitryptome,1/3 datasets,False,1,0,0,16.0,0.0,0.0,0.045714285714285714,2,PEEVTGEEHGK;KSPEEVTGEEHGK
114,20,1,Semitryptome,1/3 datasets,False,1,0,0,16.0,0.0,0.0,0.045714285714285714,1,SPANADGPVCPPSNK
115,49,1,Semitryptome,1/3 datasets,False,1,0,0,16.0,0.0,0.0,0.045714285714285714,1,QPEQAPLRGTK
116,66,1,Semitryptome,1/3 datasets,False,1,0,0,16.0,0.0,0.0,0.045714285714285714,1,PALWDIYCR
117,77,1,Semitryptome,1/3 datasets,False,1,0,0,15.0,0.0,0.0,0.04285714285714286,1,LVSVEGWYSPEGIIQGIK
118,133,1,Semitryptome,1/3 datasets,False,1,0,0,15.0,0.0,0.0,0.04285714285714286,1,LNSLGAYFAPLTTTTPLTPAK
119,134,1,Semitryptome,1/3 datasets,False,1,0,0,15.0,0.0,0.0,0.04285714285714286,1,VQFYHDLIDELIK
120,158,1,Semitryptome,1/3 datasets,False,1,0,0,14.0,0.0,0.0,0.04,3,SDDGTAWDDGAYVGVK;FGSDDGTVWDDGAYVGVK;WDTPQDLEDEYGGFLSER
121,205,1,Semitryptome,1/3 datasets,False,1,0,0,14.0,0.0,0.0,0.04,3,FVYDKSPEEVTGEEHG;FVYDKSPEEVTGEE;WVFSHAGYDVGK
122,181,1,Semitryptome,1/3 datasets,False,1,0,0,14.0,0.0,0.0,0.04,2,QAQDGISAVK;REYADFVFQEYGGK
123,192,1,Semitryptome,1/3 datasets,False,1,0,0,14.0,0.0,0.0,0.04,2,DKSPEEVTGEEHGK;VYDKSPEEVTGEEHGK
124,194,1,Semitryptome,1/3 datasets,False,1,0,0,14.0,0.0,0.0,0.04,1,DKSPEEVTGEEHGK
125,236,1,Semitryptome,1/3 datasets,False,1,0,0,13.0,0.0,0.0,0.037142857142857144,3,FGSDGSVITMLR;GYEAYLVTHNLLISHAEAVEAYR;SDGSVITMLR
126,84,1,Semitryptome,1/3 datasets,False,1,0,0,13.0,0.0,0.0,0.037142857142857144,2,VLPADPFVINHPDEHLVSVEGW;NGDVAVDFFHR
127,113,1,Semitryptome,1/3 datasets,False,1,0,0,13.0,0.0,0.0,0.037142857142857144,2,TSDVIGSDEGTH;NLNTDAFRM
128,166,1,Semitryptome,1/3 datasets,False,1,0,0,13.0,0.0,0.0,0.037142857142857144,2,DGAYVGVKK;DEYGGFLSER
129,168,1,Semitryptome,1/3 datasets,False,1,0,0,13.0,0.0,0.0,0.037142857142857144,2,DGAYVGVKK;YGGFLSER
130,178,1,Semitryptome,1/3 datasets,False,1,0,0,13.0,0.0,0.0,0.037142857142857144,2,GQAQDGISAVK;YVGQAQDGISAVK
131,238,1,Semitryptome,1/3 datasets,False,1,0,0,13.0,0.0,0.0,0.037142857142857144,2,SDGSVITMLR;EAYLVTHNLLISHAEAVEAYR
132,13,1,Semitryptome,1/3 datasets,False,1,0,0,13.0,0.0,0.0,0.037142857142857144,1,ANLWDDGSTHDAVTK
133,180,1,Semitryptome,1/3 datasets,False,1,0,0,13.0,0.0,0.0,0.037142857142857144,1,GQAQDGISAVK
134,225,1,Semitryptome,1/3 datasets,False,1,0,0,13.0,0.0,0.0,0.037142857142857144,1,ITAVDGTYDK
135,69,1,Semitryptome,1/3 datasets,False,1,0,0,12.0,0.0,0.0,0.03428571428571429,1,VINHPDEHLVSVEGWYSPEGIIQGIK
136,130,1,Semitryptome,1/3 datasets,False,1,0,0,12.0,0.0,0.0,0.03428571428571429,1,SQAGVQFYHDLIDELIK
137,217,1,Semitryptome,1/3 datasets,False,1,0,0,12.0,0.0,0.0,0.03428571428571429,1,VLDYPSEYITAVDGTYDK
138,303,1,Semitryptome,1/3 datasets,False,1,0,0,12.0,0.0,0.0,0.03428571428571429,1,ALDFILGWH
139,127,1,Semitryptome,1/3 datasets,False,1,0,0,11.0,0.0,0.0,0.03142857142857143,2,KGVSQAGVQFYHDLIDELIK;GSAGGNLNSLGAYFAPLTTTTPLTPAK
140,26,1,Semitryptome,1/3 datasets,False,1,0,0,11.0,0.0,0.0,0.03142857142857143,1,GPVCPPSNK
141,31,1,Semitryptome,1/3 datasets,False,1,0,0,11.0,0.0,0.0,0.03142857142857143,1,AAGIDGIQYVQFDYVK
142,107,1,Semitryptome,1/3 datasets,False,1,0,0,11.0,0.0,0.0,0.03142857142857143,1,SDEGTHFTLQVK
143,117,1,Semitryptome,1/3 datasets,False,1,0,0,11.0,0.0,0.0,0.03142857142857143,1,TSDVIGSDEGTHFTLQ
144,472,1,Semitryptome,1/3 datasets,False,1,0,0,11.0,0.0,0.0,0.03142857142857143,1,DNFEWQDGYK
145,155,1,Semitryptome,1/3 datasets,False,1,0,0,10.0,0.0,0.0,0.02857142857142857,2,LTAFGSDDGTVWDDGAYVGVK;VFHWDTPQDLEDEYGGFLSER
146,162,1,Semitryptome,1/3 datasets,False,1,0,0,10.0,0.0,0.0,0.02857142857142857,2,DGTVWDDGAYVGVK;QDLEDEYGGFLSER
147,257,1,Semitryptome,1/3 datasets,False,1,0,0,10.0,0.0,0.0,0.02857142857142857,2,SGYEAYLVTHNLLISHAEAVEA;GLEAGTAFELKEEGHK
148,36,1,Semitryptome,1/3 datasets,False,1,0,0,10.0,0.0,0.0,0.02857142857142857,1,GIQYVQFDYVK
149,96,1,Semitryptome,1/3 datasets,False,1,0,0,10.0,0.0,0.0,0.02857142857142857,1,KEDIQLMK
150,289,1,Semitryptome,1/3 datasets,False,1,0,0,10.0,0.0,0.0,0.02857142857142857,1,IGIAHSPAWFEAHDLADSQDG
151,356,1,Semitryptome,1/3 datasets,False,1,0,0,10.0,0.0,0.0,0.02857142857142857,1,LKASTDFVGLNYYTSVFSNHLE
152,470,1,Semitryptome,1/3 datasets,False,1,0,0,10.0,0.0,0.0,0.02857142857142857,1,LLDNFEWQDGYK
153,508,1,Metacaspase matrix,1/3 datasets,False,0,0,1,0.0,0.0,0.77,0.02740753480828109,1,DFLSQGVRPSALKKDEL
154,101,1,Metacaspase matrix,1/3 datasets,False,0,0,1,0.0,0.0,0.74,0.02633970877678962,1,LMKNLNTDAFR
155,204,1,Semitryptome,1/3 datasets,False,1,0,0,9.0,0.0,0.0,0.025714285714285714,3,FVYDKSPEEVTGEEH;FVYDKSPEEVTGE;PWVFSHAGYDVGK
156,67,1,Semitryptome,1/3 datasets,False,1,0,0,9.0,0.0,0.0,0.025714285714285714,2,ALWDIYCR;PFVINHPDEHLVSVEGWYSPEGIIQGIK
157,83,1,Semitryptome,1/3 datasets,False,1,0,0,9.0,0.0,0.0,0.025714285714285714,2,WYSPEGIIQGIK;DNGDVAVDFFHR
158,161,1,Semitryptome,1/3 datasets,False,1,0,0,9.0,0.0,0.0,0.025714285714285714,2,DDGTVWDDGAYVGVK;PQDLEDEYGGFLSER
159,290,1,Semitryptome,1/3 datasets,False,1,0,0,9.0,0.0,0.0,0.025714285714285714,2,IGIAHSPAWFEAHDLADSQDGA;GVHVRPLSN
160,32,1,Semitryptome,1/3 datasets,False,1,0,0,9.0,0.0,0.0,0.025714285714285714,1,AGIDGIQYVQFDYVK
161,176,1,Semitryptome,1/3 datasets,False,1,0,0,9.0,0.0,0.0,0.025714285714285714,1,YVGQAQDGISAVK
162,191,1,Semitryptome,1/3 datasets,False,1,0,0,9.0,0.0,0.0,0.025714285714285714,1,YDKSPEEVTGEEHGK
163,220,1,Semitryptome,1/3 datasets,False,1,0,0,9.0,0.0,0.0,0.025714285714285714,1,YPSEYITAVDGTYDK
164,221,1,Semitryptome,1/3 datasets,False,1,0,0,9.0,0.0,0.0,0.025714285714285714,1,PSEYITAVDGTYDK
165,255,1,Semitryptome,1/3 datasets,False,1,0,0,9.0,0.0,0.0,0.025714285714285714,1,SPPFGLEAGTVFELKEEGHK
166,517,1,Semitryptome,1/3 datasets,False,1,0,0,9.0,0.0,0.0,0.025714285714285714,1,DFLSQGVRP
167,511,1,Metacaspase matrix,1/3 datasets,False,0,0,1,0.0,0.0,0.7,0.02491594073480099,1,SQGVRPSALKKDEL
168,156,1,Semitryptome,1/3 datasets,False,1,0,0,8.0,0.0,0.0,0.022857142857142857,3,LGSDDGTAWDDGAYVGVK;TAFGSDDGTVWDDGAYVGVK;FHWDTPQDLEDEYGGFLSER
169,132,1,Semitryptome,1/3 datasets,False,1,0,0,8.0,0.0,0.0,0.022857142857142857,2,AGVQFYHDLIDELIK;NLNSLGAYFAPLTTTTPLTPAK
170,139,1,Semitryptome,1/3 datasets,False,1,0,0,8.0,0.0,0.0,0.022857142857142857,2,IIGFHGSAGGNLNSLGA;GVSQAGVQFYH
171,305,1,Semitryptome,1/3 datasets,False,1,0,0,8.0,0.0,0.0,0.022857142857142857,1,TTTFGDYPQIMK
172,450,1,Semitryptome,1/3 datasets,False,1,0,0,8.0,0.0,0.0,0.022857142857142857,1,SMQEAVCIDK
173,513,1,Semitryptome,1/3 datasets,False,1,0,0,8.0,0.0,0.0,0.022857142857142857,1,YYKDFLSQ
174,507,1,Metacaspase matrix,1/3 datasets,False,0,0,1,0.0,0.0,0.64,0.02278028867181805,2,KDFLSQGVRPSALKKDEL;KDFLSQGVR
175,97,1,Metacaspase matrix,1/3 datasets,False,0,0,1,0.0,0.0,0.6,0.021356520629829418,1,EDIQLMKNLNTDAFR
176,228,1,Metacaspase matrix,1/3 datasets,False,0,0,1,0.0,0.0,0.6,0.021356520629829418,1,AKCQDGR
177,129,1,Semitryptome,1/3 datasets,False,1,0,0,7.0,0.0,0.0,0.02,2,VSQAGVQFYHDLIDELIK;AGGNLNSLGAYFAPLTTTTPLTPAK
178,188,1,Semitryptome,1/3 datasets,False,1,0,0,7.0,0.0,0.0,0.02,2,KVYVGQAQDGISAV;VYVGQAQDGIS
179,22,1,Semitryptome,1/3 datasets,False,1,0,0,7.0,0.0,0.0,0.02,1,ANADGPVCPPSNK
180,75,1,Semitryptome,1/3 datasets,False,1,0,0,7.0,0.0,0.0,0.02,1,VLPADPFVINHPD
181,144,1,Semitryptome,1/3 datasets,False,1,0,0,7.0,0.0,0.0,0.02,1,TTTTPLTPAK
182,186,1,Semitryptome,1/3 datasets,False,1,0,0,7.0,0.0,0.0,0.02,1,KVYVGQAQDGIS
183,240,1,Semitryptome,1/3 datasets,False,1,0,0,7.0,0.0,0.0,0.02,1,YLVTHNLLISHAEAVEAYRK
184,247,1,Semitryptome,1/3 datasets,False,1,0,0,7.0,0.0,0.0,0.02,1,SGYEAYLVTHNL
185,287,1,Semitryptome,1/3 datasets,False,1,0,0,7.0,0.0,0.0,0.02,1,IGIAHSPAWFEAHDLADSQ
186,347,1,Semitryptome,1/3 datasets,False,1,0,0,7.0,0.0,0.0,0.02,1,TSVFSNHLEK
187,391,1,Semitryptome,1/3 datasets,False,1,0,0,7.0,0.0,0.0,0.02,1,NAQNYAIGSKPLTAA
188,425,1,Semitryptome,1/3 datasets,False,1,0,0,7.0,0.0,0.0,0.02,1,LGASDSVAVGTADHNRK
189,426,1,Semitryptome,1/3 datasets,False,1,0,0,7.0,0.0,0.0,0.02,1,GASDSVAVGTADHNR
190,48,1,Semitryptome,1/3 datasets,False,1,0,0,6.0,0.0,0.0,0.017142857142857144,3,TATAAYQVEGAINETCR;GQTEQTPLR;GQPEQAPLRGTK
191,131,1,Semitryptome,1/3 datasets,False,1,0,0,6.0,0.0,0.0,0.017142857142857144,2,QAGVQFYHDLIDELIK;GNLNSLGAYFAPLTTTTPLTPAK
192,143,1,Semitryptome,1/3 datasets,False,1,0,0,6.0,0.0,0.0,0.017142857142857144,2,LTTTTPLTPAK;GVSQAGVQFYHDLID
193,30,1,Semitryptome,1/3 datasets,False,1,0,0,6.0,0.0,0.0,0.017142857142857144,1,LAAGIDGIQYVQFDYVK
194,116,1,Semitryptome,1/3 datasets,False,1,0,0,6.0,0.0,0.0,0.017142857142857144,1,KTSDVIGSDEGTHFTL
195,128,1,Semitryptome,1/3 datasets,False,1,0,0,6.0,0.0,0.0,0.017142857142857144,1,SAGGNLNSLGAYFAPLTTTTPLTPAK
196,145,1,Semitryptome,1/3 datasets,False,1,0,0,6.0,0.0,0.0,0.017142857142857144,1,TTTPLTPAK
197,199,1,Semitryptome,1/3 datasets,False,1,0,0,6.0,0.0,0.0,0.017142857142857144,1,ITFNEPWVFSHAGYDVGK
198,378,1,Semitryptome,1/3 datasets,False,1,0,0,6.0,0.0,0.0,0.017142857142857144,1,QNYAIGSKPLTAALNVYSR
199,422,1,Semitryptome,1/3 datasets,False,1,0,0,6.0,0.0,0.0,0.017142857142857144,1,GEELGASDSVAVGTADHNR
200,424,1,Semitryptome,1/3 datasets,False,1,0,0,6.0,0.0,0.0,0.017142857142857144,1,ELGASDSVAVGTADHNRK
201,451,1,Semitryptome,1/3 datasets,False,1,0,0,6.0,0.0,0.0,0.017142857142857144,1,MQEAVCIDK
202,183,1,Semitryptome,1/3 datasets,False,1,0,0,5.0,0.0,0.0,0.014285714285714285,2,KVYVGQAQD;YADFVFQEYGGK
203,201,1,Semitryptome,1/3 datasets,False,1,0,0,5.0,0.0,0.0,0.014285714285714285,2,FVYDKSPEEVTG;FNEPWVFSHAGYDVGK
204,207,1,Semitryptome,1/3 datasets,False,1,0,0,5.0,0.0,0.0,0.014285714285714285,2,SPEEVTGEEHG;FSHAGYDVGK
205,17,1,Semitryptome,1/3 datasets,False,1,0,0,5.0,0.0,0.0,0.014285714285714285,1,DDGSTHDAVTK
206,33,1,Semitryptome,1/3 datasets,False,1,0,0,5.0,0.0,0.0,0.014285714285714285,1,GIDGIQYVQFDYVK
207,78,1,Semitryptome,1/3 datasets,False,1,0,0,5.0,0.0,0.0,0.014285714285714285,1,VLPADPFVINHPDEHL
208,111,1,Semitryptome,1/3 datasets,False,1,0,0,5.0,0.0,0.0,0.014285714285714285,1,KTSDVIGSDEG
209,125,1,Semitryptome,1/3 datasets,False,1,0,0,5.0,0.0,0.0,0.014285714285714285,1,FHGSAGGNLNSLGAYFAPLTTTTPLTPAK
210,187,1,Semitryptome,1/3 datasets,False,1,0,0,5.0,0.0,0.0,0.014285714285714285,1,VYVGQAQDGISA
211,189,1,Semitryptome,1/3 datasets,False,1,0,0,5.0,0.0,0.0,0.014285714285714285,1,KVYVGQAQDGISA
212,198,1,Semitryptome,1/3 datasets,False,1,0,0,5.0,0.0,0.0,0.014285714285714285,1,WITFNEPWVFSHAGYDVGK
213,234,1,Semitryptome,1/3 datasets,False,1,0,0,5.0,0.0,0.0,0.014285714285714285,1,FGSDGSVITMLR
214,301,1,Semitryptome,1/3 datasets,False,1,0,0,5.0,0.0,0.0,0.014285714285714285,1,WHLDTTTFGDYPQIMK
215,304,1,Semitryptome,1/3 datasets,False,1,0,0,5.0,0.0,0.0,0.014285714285714285,1,DTTTFGDYPQIMK
216,429,1,Semitryptome,1/3 datasets,False,1,0,0,5.0,0.0,0.0,0.014285714285714285,1,DSVAVGTADHNR
217,510,1,Semitryptome,1/3 datasets,False,1,0,0,5.0,0.0,0.0,0.014285714285714285,1,LSQGVRPSALK
218,262,1,Semitryptome,1/3 datasets,False,1,0,0,4.0,0.0,0.0,0.011428571428571429,2,TNKQTSPPFGLE;TAFELKEEGHK
219,18,1,Semitryptome,1/3 datasets,False,1,0,0,4.0,0.0,0.0,0.011428571428571429,1,DGSTHDAVTK
220,94,1,Semitryptome,1/3 datasets,False,1,0,0,4.0,0.0,0.0,0.011428571428571429,1,CNNDNGDVAVDFFH
221,136,1,Semitryptome,1/3 datasets,False,1,0,0,4.0,0.0,0.0,0.011428571428571429,1,LGAYFAPLTTTTPLTPAK
222,184,1,Semitryptome,1/3 datasets,False,1,0,0,4.0,0.0,0.0,0.011428571428571429,1,ADFVFQEYGGK
223,185,1,Semitryptome,1/3 datasets,False,1,0,0,4.0,0.0,0.0,0.011428571428571429,1,KVYVGQAQD
224,214,1,Semitryptome,1/3 datasets,False,1,0,0,4.0,0.0,0.0,0.011428571428571429,1,HWITFNEPWVFSHAGYD
225,242,1,Semitryptome,1/3 datasets,False,1,0,0,4.0,0.0,0.0,0.011428571428571429,1,VTHNLLISHAEAVEAYR
226,244,1,Semitryptome,1/3 datasets,False,1,0,0,4.0,0.0,0.0,0.011428571428571429,1,HNLLISHAEAVEAYR
227,258,1,Semitryptome,1/3 datasets,False,1,0,0,4.0,0.0,0.0,0.011428571428571429,1,SGYEAYLVTHNLLISHAEAVEAY
228,260,1,Semitryptome,1/3 datasets,False,1,0,0,4.0,0.0,0.0,0.011428571428571429,1,TNKQTSPPFGLE
229,270,1,Semitryptome,1/3 datasets,False,1,0,0,4.0,0.0,0.0,0.011428571428571429,1,IAHSPAWFEAHDLADSQDGASIDR
230,274,1,Semitryptome,1/3 datasets,False,1,0,0,4.0,0.0,0.0,0.011428571428571429,1,PAWFEAHDLADSQDGASIDR
231,286,1,Semitryptome,1/3 datasets,False,1,0,0,4.0,0.0,0.0,0.011428571428571429,1,IGIAHSPAWFEAHDLADS
232,428,1,Semitryptome,1/3 datasets,False,1,0,0,4.0,0.0,0.0,0.011428571428571429,1,SDSVAVGTADHNR
233,86,1,Semitryptome,1/3 datasets,False,1,0,0,3.0,0.0,0.0,0.008571428571428572,2,PEGIIQGIK;DVAVDFFHR
234,190,1,Semitryptome,1/3 datasets,False,1,0,0,3.0,0.0,0.0,0.008571428571428572,2,VYDKSPEEVTGEEHGK;KVYVGQAQDGISAV
235,256,1,Semitryptome,1/3 datasets,False,1,0,0,3.0,0.0,0.0,0.008571428571428572,2,SGYEAYLVTHNLLISHAEAVE;PPFGLEAGTVFELKEEGHK
236,261,1,Semitryptome,1/3 datasets,False,1,0,0,3.0,0.0,0.0,0.008571428571428572,2,EAGTVFELKEEGHK;GTAFELKEEGHK
237,72,1,Semitryptome,1/3 datasets,False,1,0,0,3.0,0.0,0.0,0.008571428571428572,1,HPDEHLVSVEGWYSPEGIIQGIK
238,73,1,Semitryptome,1/3 datasets,False,1,0,0,3.0,0.0,0.0,0.008571428571428572,1,VLPADPFVINH
239,200,1,Semitryptome,1/3 datasets,False,1,0,0,3.0,0.0,0.0,0.008571428571428572,1,TFNEPWVFSHAGYDVGK
240,271,1,Semitryptome,1/3 datasets,False,1,0,0,3.0,0.0,0.0,0.008571428571428572,1,AHSPAWFEAHDLADSQDGASIDR
241,291,1,Semitryptome,1/3 datasets,False,1,0,0,3.0,0.0,0.0,0.008571428571428572,1,IGIAHSPAWFEAHDLADSQDGAS
242,379,1,Semitryptome,1/3 datasets,False,1,0,0,3.0,0.0,0.0,0.008571428571428572,1,NYAIGSKPLTAALNVYSR
243,392,1,Semitryptome,1/3 datasets,False,1,0,0,3.0,0.0,0.0,0.008571428571428572,1,NAQNYAIGSKPLTAAL
244,396,1,Semitryptome,1/3 datasets,False,1,0,0,3.0,0.0,0.0,0.008571428571428572,1,NAQNYAIGSKPLTAALNVYS
245,421,1,Semitryptome,1/3 datasets,False,1,0,0,3.0,0.0,0.0,0.008571428571428572,1,YGEELGASDSVAVGTADHNR
246,471,1,Semitryptome,1/3 datasets,False,1,0,0,3.0,0.0,0.0,0.008571428571428572,1,LDNFEWQDGYK
247,473,1,Semitryptome,1/3 datasets,False,1,0,0,3.0,0.0,0.0,0.008571428571428572,1,NFEWQDGYK
248,494,1,Semitryptome,1/3 datasets,False,1,0,0,3.0,0.0,0.0,0.008571428571428572,1,FGLYYVDFKN
249,79,1,Semitryptome,1/3 datasets,False,1,0,0,2.0,0.0,0.0,0.005714285714285714,2,RCNNDNGDVAVDFFHR;SVEGWYSPEGIIQGIK
250,9,1,Semitryptome,1/3 datasets,False,1,0,0,2.0,0.0,0.0,0.005714285714285714,1,GGKGANLWDDGSTHDAVTK
251,47,1,Semitryptome,1/3 datasets,False,1,0,0,2.0,0.0,0.0,0.005714285714285714,1,GTATAAYQVEGAINETCR
252,58,1,Semitryptome,1/3 datasets,False,1,0,0,2.0,0.0,0.0,0.005714285714285714,1,NGQPEQAPLRG
253,109,1,Semitryptome,1/3 datasets,False,1,0,0,2.0,0.0,0.0,0.005714285714285714,1,EGTHFTLQVK
254,169,1,Semitryptome,1/3 datasets,False,1,0,0,2.0,0.0,0.0,0.005714285714285714,1,QLTAFGSDDGTVWDD
255,197,1,Semitryptome,1/3 datasets,False,1,0,0,2.0,0.0,0.0,0.005714285714285714,1,PEEVTGEEHGK
256,219,1,Semitryptome,1/3 datasets,False,1,0,0,2.0,0.0,0.0,0.005714285714285714,1,DYPSEYITAVDGTYDK
257,237,1,Semitryptome,1/3 datasets,False,1,0,0,2.0,0.0,0.0,0.005714285714285714,1,GSDGSVITMLR
258,267,1,Semitryptome,1/3 datasets,False,1,0,0,2.0,0.0,0.0,0.005714285714285714,1,KIGIAHSPAWFEAHDLADSQDGASIDR
259,269,1,Semitryptome,1/3 datasets,False,1,0,0,2.0,0.0,0.0,0.005714285714285714,1,GIAHSPAWFEAHDLADSQDGASIDR
260,297,1,Semitryptome,1/3 datasets,False,1,0,0,2.0,0.0,0.0,0.005714285714285714,1,IGIAHSPAWFEAHDLADSQDGASIDRALD
261,340,1,Semitryptome,1/3 datasets,False,1,0,0,2.0,0.0,0.0,0.005714285714285714,1,FVGLNYYTSVFSNHLEKPDPSK
262,355,1,Semitryptome,1/3 datasets,False,1,0,0,2.0,0.0,0.0,0.005714285714285714,1,LKASTDFVGLNYYTSVFSNHL
263,419,1,Semitryptome,1/3 datasets,False,1,0,0,2.0,0.0,0.0,0.005714285714285714,1,NGYGEELGASDSVAVGTADHNR
264,448,1,Semitryptome,1/3 datasets,False,1,0,0,2.0,0.0,0.0,0.005714285714285714,1,LLSMQEAVCIDK
265,456,1,Semitryptome,1/3 datasets,False,1,0,0,2.0,0.0,0.0,0.005714285714285714,1,HLLSMQEAV
266,55,1,Metacaspase matrix,1/3 datasets,False,0,0,1,0.0,0.0,0.0,0.0,1,VEGAINETCR
267,57,1,Metacaspase matrix,1/3 datasets,False,0,0,1,0.0,0.0,0.0,0.0,1,GAINETCR
268,227,1,Metacaspase matrix,1/3 datasets,False,0,0,1,0.0,0.0,0.0,0.0,1,NAKCQDGR
269,310,1,Metacaspase matrix,1/3 datasets,False,0,0,1,0.0,0.0,0.0,0.0,1,DYPQIMKDIVGHR
270,336,1,Metacaspase matrix,1/3 datasets,False,0,0,1,0.0,0.0,0.0,0.0,1,ASTDFVGLNYYTSVFSNHLEKPDPSKPR
271,351,1,Metacaspase matrix,1/3 datasets,False,0,0,1,0.0,0.0,0.0,0.0,1,SNHLEKPDPSKPR
272,352,1,Metacaspase matrix,1/3 datasets,False,0,0,1,0.0,0.0,0.0,0.0,1,NHLEKPDPSKPR
273,353,1,Metacaspase matrix,1/3 datasets,False,0,0,1,0.0,0.0,0.0,0.0,1,HLEKPDPSKPR
274,411,1,Metacaspase matrix,1/3 datasets,False,0,0,1,0.0,0.0,0.0,0.0,1,NPEIMIMENGYGEELGASDSVAVGTADHNR
