,dataset,cleavage_site,weight,n_observations,peptide,start,end
0,HUNTER MJ,19,0.588598200019873,1,ASPANADGPVCPPSNKLSR,19,37
1,HUNTER MJ,25,0.675313783774615,1,DGPVCPPSNKLSR,25,37
2,HUNTER MJ,76,0.614619205507054,1,YPERCNNDNGDVAVDFFHR,76,94
3,HUNTER MJ,80,0.741022228126262,1,CNNDNGDVAVDFFHR,80,94
4,HUNTER MJ,206,5.21880882767238,1,VFSHAGYDVGKKAPGR,206,221
5,HUNTER MJ,208,3.72430800455786,1,SHAGYDVGKKAPGR,208,221
6,HUNTER MJ,216,1.12934720781775,1,KKAPGRCSSYVNAKCQDGR,216,234
7,HUNTER MJ,222,1.75757551815118,1,CSSYVNAKCQDGR,222,234
8,HUNTER MJ,239,3.74467650201653,1,AYLVTHNLLISHAEAVEAYR,239,258
9,HUNTER MJ,265,0.587014798228732,1,GGKIGIAHSPAWFEAHDLADSQDGASIDR,265,293
10,HUNTER MJ,279,6.78459412110755,1,AHDLADSQDGASIDR,279,293
11,HUNTER MJ,349,0.850885559822597,1,VFSNHLEKPDPSKPR,349,363
12,HUNTER MJ,364,1.00254263277659,1,WMQDSLITWESKNAQNYAIGSKPLTAALNVYSR,364,396
13,HUNTER MJ,369,7.37669975224074,2,LITWESKNAQNYAIGSKPLTAALNVYSR;LITWESKNAQNYAIGSKPLTAALNVYSR,369,396
14,HUNTER MJ,370,4.1764364244494,2,ITWESKNAQNYAIGSKPLTAALNVYSR;ITWESKNAQNYAIGSKPLTAALNVYSR,370,396
15,HUNTER MJ,372,0.944713702363078,1,WESKNAQNYAIGSKPLTAALNVYSR,372,396
16,HUNTER MJ,374,0.821917049289922,1,SKNAQNYAIGSKPLTAALNVYSR,374,396
17,HUNTER MJ,376,2.54371151650443,1,NAQNYAIGSKPLTAALNVYSR,376,396
18,HUNTER MJ,382,3.17988795352665,1,IGSKPLTAALNVYSR,382,396
19,HUNTER MJ,384,3.16035441896242,1,SKPLTAALNVYSR,384,396
20,HUNTER MJ,387,2.71360264468692,1,LTAALNVYSR,387,396
21,HUNTER MJ,389,4.76920503413432,1,AALNVYSR,389,396
22,HUNTER MJ,407,6.25010437038127,2,DKYANPEIMIMENGYGEELGASDSVAVGTADHNR;DKYANPEIMIMENGYGEELGASDSVAVGTADHNR,407,440
23,Metacaspase matrix,23,0,1,NADGPVCPPSNKLSR,23,37
24,Metacaspase matrix,25,1.63,1,DGPVCPPSNKLSR,25,37
25,Metacaspase matrix,55,0,1,VEGAINETCR,55,64
26,Metacaspase matrix,57,0,1,GAINETCR,57,64
27,Metacaspase matrix,80,0,1,CNNDNGDVAVDFFH,80,93
28,Metacaspase matrix,82,1.27,1,NDNGDVAVDFFHR,82,94
29,Metacaspase matrix,97,0.6,1,EDIQLMKNLNTDAFR,97,111
30,Metacaspase matrix,101,0.74,1,LMKNLNTDAFR,101,111
31,Metacaspase matrix,102,2.09,1,MKNLNTDAFR,102,111
32,Metacaspase matrix,103,0.99,1,KNLNTDAFR,103,111
33,Metacaspase matrix,104,0,1,NLNTDAFR,104,111
34,Metacaspase matrix,160,0,1,TPQDLEDEYGGFLSER,160,175
35,Metacaspase matrix,209,0,1,HAGYDVGKKAPGR,209,221
36,Metacaspase matrix,210,0.61,1,AGYDVGKKAPGR,210,221
37,Metacaspase matrix,223,0,1,SSYVNAKCQDGR,223,234
38,Metacaspase matrix,224,0.56,1,SYVNAKCQDGR,224,234
39,Metacaspase matrix,227,0,1,NAKCQDGR,227,234
40,Metacaspase matrix,228,0.6,1,AKCQDGR,228,234
41,Metacaspase matrix,235,2.32,2,SGYEAYLVTHN;SGYEAYLVTH,235,245
42,Metacaspase matrix,246,0,1,LLISHAEAVEAYR,246,258
43,Metacaspase matrix,248,0,1,ISHAEAVEAYR,248,258
44,Metacaspase matrix,249,0,1,SHAEAVEAYR,249,258
45,Metacaspase matrix,250,0,1,HAEAVEAYR,250,258
46,Metacaspase matrix,251,0.06,1,AEAVEAYR,251,258
47,Metacaspase matrix,252,0,1,EAVEAYR,252,258
48,Metacaspase matrix,278,0.96,1,EAHDLADSQDGASIDR,278,293
49,Metacaspase matrix,279,0.91,1,AHDLADSQDGASIDR,279,293
50,Metacaspase matrix,280,0.65,1,HDLADSQDGASIDR,280,293
51,Metacaspase matrix,281,0.63,1,DLADSQDGASIDR,281,293
52,Metacaspase matrix,282,4.37,1,LADSQDGASIDR,282,293
53,Metacaspase matrix,283,0.5,1,ADSQDGASIDR,283,293
54,Metacaspase matrix,284,0.61,1,DSQDGASIDR,284,293
55,Metacaspase matrix,285,1.05,1,SQDGASIDR,285,293
56,Metacaspase matrix,310,0,1,DYPQIMKDIVGHR,310,322
57,Metacaspase matrix,336,0,1,ASTDFVGLNYYTSVFSNHLEKPDPSKPR,336,363
58,Metacaspase matrix,348,0,1,SVFSNHLEKPDPSKPR,348,363
59,Metacaspase matrix,351,0,1,SNHLEKPDPSKPR,351,363
60,Metacaspase matrix,352,0,1,NHLEKPDPSKPR,352,363
61,Metacaspase matrix,353,0,1,HLEKPDPSKPR,353,363
62,Metacaspase matrix,354,0,1,LEKPDPSKPR,354,363
63,Metacaspase matrix,382,0,1,IGSKPLTAALNVYSR,382,396
64,Metacaspase matrix,384,0,1,SKPLTAALNVYSR,384,396
65,Metacaspase matrix,389,28.094464000000002,1,AALNVYSR,389,396
66,Metacaspase matrix,390,0.88,1,ALNVYSR,390,396
67,Metacaspase matrix,404,1.84,1,YIKDKYANPEIMIMENGYGEELGASDSVAVGTADHNR,404,440
68,Metacaspase matrix,411,0,1,NPEIMIMENGYGEELGASDSVAVGTADHNR,411,440
69,Metacaspase matrix,418,0,1,ENGYGEELGASDSVAVGTADHNR,418,440
70,Metacaspase matrix,423,1.92,1,EELGASDSVAVGTADHNR,423,440
71,Metacaspase matrix,427,0.6,1,ASDSVAVGTADHNR,427,440
72,Metacaspase matrix,507,0.64,2,KDFLSQGVRPSALKKDEL;KDFLSQGVR,507,524
73,Metacaspase matrix,508,0.77,1,DFLSQGVRPSALKKDEL,508,524
74,Metacaspase matrix,511,0.7,1,SQGVRPSALKKDEL,511,524
75,Semitryptome,2,112,3,AQKVEAQGGK;GSGLNDTLSR;AQKVEAK,2,11
76,Semitryptome,9,2,1,GGKGANLWDDGSTHDAVTK,9,27
77,Semitryptome,13,13,1,ANLWDDGSTHDAVTK,13,27
78,Semitryptome,14,21,1,NLWDDGSTHDAVTK,14,27
79,Semitryptome,15,39,1,LWDDGSTHDAVTK,15,27
80,Semitryptome,16,28,1,WDDGSTHDAVTK,16,27
81,Semitryptome,17,5,1,DDGSTHDAVTK,17,27
82,Semitryptome,18,4,1,DGSTHDAVTK,18,27
83,Semitryptome,20,16,1,SPANADGPVCPPSNK,20,34
84,Semitryptome,22,7,1,ANADGPVCPPSNK,22,34
85,Semitryptome,23,11,1,NADGPVCPPSNK,23,34
86,Semitryptome,24,18,1,GANLWDDGSTHD,24,35
87,Semitryptome,25,350,1,DGPVCPPSNK,25,34
88,Semitryptome,26,11,1,GPVCPPSNK,26,34
89,Semitryptome,27,17,1,PVCPPSNK,27,34
90,Semitryptome,30,6,1,LAAGIDGIQYVQFDYVK,30,46
91,Semitryptome,31,11,1,AAGIDGIQYVQFDYVK,31,46
92,Semitryptome,32,9,1,AGIDGIQYVQFDYVK,32,46
93,Semitryptome,33,5,1,GIDGIQYVQFDYVK,33,46
94,Semitryptome,36,10,1,GIQYVQFDYVK,36,46
95,Semitryptome,47,2,1,GTATAAYQVEGAINETCR,47,64
96,Semitryptome,48,6,3,TATAAYQVEGAINETCR;GQTEQTPLR;GQPEQAPLRGTK,48,64
97,Semitryptome,49,16,1,QPEQAPLRGTK,49,59
98,Semitryptome,50,17,1,PEQAPLRGTK,50,59
99,Semitryptome,58,2,1,NGQPEQAPLRG,58,68
100,Semitryptome,66,16,1,PALWDIYCR,66,74
101,Semitryptome,67,9,2,ALWDIYCR;PFVINHPDEHLVSVEGWYSPEGIIQGIK,67,94
102,Semitryptome,69,12,1,VINHPDEHLVSVEGWYSPEGIIQGIK,69,94
103,Semitryptome,72,3,1,HPDEHLVSVEGWYSPEGIIQGIK,72,94
104,Semitryptome,73,3,1,VLPADPFVINH,73,83
105,Semitryptome,75,7,1,VLPADPFVINHPD,75,87
106,Semitryptome,77,15,1,LVSVEGWYSPEGIIQGIK,77,94
107,Semitryptome,78,5,1,VLPADPFVINHPDEHL,78,93
108,Semitryptome,79,2,2,RCNNDNGDVAVDFFHR;SVEGWYSPEGIIQGIK,79,94
109,Semitryptome,81,41,1,NNDNGDVAVDFFHR,81,94
110,Semitryptome,82,27,2,VLPADPFVINHPDEHLVSVE;NDNGDVAVDFFHR,82,101
111,Semitryptome,83,9,2,WYSPEGIIQGIK;DNGDVAVDFFHR,83,94
112,Semitryptome,84,13,2,VLPADPFVINHPDEHLVSVEGW;NGDVAVDFFHR,84,105
113,Semitryptome,85,29,2,VLPADPFVINHPDEHLVSVEGWY;GDVAVDFFHR,85,107
114,Semitryptome,86,3,2,PEGIIQGIK;DVAVDFFHR,86,94
115,Semitryptome,94,4,1,CNNDNGDVAVDFFH,94,107
116,Semitryptome,96,10,1,KEDIQLMK,96,103
117,Semitryptome,102,6,2,SDVIGSDEGTHFTLQVK;YKEDIQL,102,118
118,Semitryptome,103,19,2,DVIGSDEGTHFTLQVK;YKEDIQLM,103,118
119,Semitryptome,104,10,1,VIGSDEGTHFTLQVK,104,118
120,Semitryptome,105,25,2,IGSDEGTHFTLQVK;LNTDAFR,105,118
121,Semitryptome,106,34,1,GSDEGTHFTLQVK,106,118
122,Semitryptome,107,11,1,SDEGTHFTLQVK,107,118
123,Semitryptome,109,2,1,EGTHFTLQVK,109,118
124,Semitryptome,111,5,1,KTSDVIGSDEG,111,121
125,Semitryptome,113,13,2,TSDVIGSDEGTH;NLNTDAFRM,113,124
126,Semitryptome,114,19,1,TSDVIGSDEGTHF,114,126
127,Semitryptome,116,6,1,KTSDVIGSDEGTHFTL,116,131
128,Semitryptome,117,11,1,TSDVIGSDEGTHFTLQ,117,132
129,Semitryptome,125,5,1,FHGSAGGNLNSLGAYFAPLTTTTPLTPAK,125,153
130,Semitryptome,126,48,1,HGSAGGNLNSLGAYFAPLTTTTPLTPAK,126,153
131,Semitryptome,127,11,2,KGVSQAGVQFYHDLIDELIK;GSAGGNLNSLGAYFAPLTTTTPLTPAK,127,153
132,Semitryptome,128,6,1,SAGGNLNSLGAYFAPLTTTTPLTPAK,128,153
133,Semitryptome,129,7,2,VSQAGVQFYHDLIDELIK;AGGNLNSLGAYFAPLTTTTPLTPAK,129,153
134,Semitryptome,130,12,1,SQAGVQFYHDLIDELIK,130,146
135,Semitryptome,131,6,2,QAGVQFYHDLIDELIK;GNLNSLGAYFAPLTTTTPLTPAK,131,153
136,Semitryptome,132,8,2,AGVQFYHDLIDELIK;NLNSLGAYFAPLTTTTPLTPAK,132,153
137,Semitryptome,133,15,1,LNSLGAYFAPLTTTTPLTPAK,133,153
138,Semitryptome,134,15,1,VQFYHDLIDELIK,134,146
139,Semitryptome,135,58,2,QFYHDLIDELIK;SLGAYFAPLTTTTPLTPAK,135,153
140,Semitryptome,136,4,1,LGAYFAPLTTTTPLTPAK,136,153
141,Semitryptome,137,34,2,YHDLIDELIK;GAYFAPLTTTTPLTPAK,137,153
142,Semitryptome,138,36,2,IIGFHGSAGGNLNSLG;HDLIDELIK,138,153
143,Semitryptome,139,8,2,IIGFHGSAGGNLNSLGA;GVSQAGVQFYH,139,155
144,Semitryptome,140,94,2,FAPLTTTTPLTPAK;GVSQAGVQFYHD,140,153
145,Semitryptome,141,24,1,IIGFHGSAGGNLNSLGAYF,141,159
146,Semitryptome,142,22,1,PLTTTTPLTPAK,142,153
147,Semitryptome,143,6,2,LTTTTPLTPAK;GVSQAGVQFYHDLID,143,157
148,Semitryptome,144,7,1,TTTTPLTPAK,144,153
149,Semitryptome,145,6,1,TTTPLTPAK,145,153
150,Semitryptome,153,149,2,KQLTAFGSDDGTVWDDGAYVGVK;VTVFHWDTPQDLEDEYGGFLSER,153,175
151,Semitryptome,155,10,2,LTAFGSDDGTVWDDGAYVGVK;VFHWDTPQDLEDEYGGFLSER,155,175
152,Semitryptome,156,8,3,LGSDDGTAWDDGAYVGVK;TAFGSDDGTVWDDGAYVGVK;FHWDTPQDLEDEYGGFLSER,156,175
153,Semitryptome,157,33,3,GSDDGTAWDDGAYVGVK;AFGSDDGTVWDDGAYVGVKK;HWDTPQDLEDEYGGFLSER,157,176
154,Semitryptome,158,14,3,SDDGTAWDDGAYVGVK;FGSDDGTVWDDGAYVGVK;WDTPQDLEDEYGGFLSER,158,175
155,Semitryptome,159,30,2,GSDDGTVWDDGAYVGVK;DTPQDLEDEYGGFLSER,159,175
156,Semitryptome,160,63,2,SDDGTVWDDGAYVGVKK;NGITPFVTVFHWD,160,176
157,Semitryptome,161,9,2,DDGTVWDDGAYVGVK;PQDLEDEYGGFLSER,161,175
158,Semitryptome,162,10,2,DGTVWDDGAYVGVK;QDLEDEYGGFLSER,162,175
159,Semitryptome,163,55,2,GTVWDDGAYVGVKK;DLEDEYGGFLSER,163,176
160,Semitryptome,164,28,2,TVWDDGAYVGVK;LEDEYGGFLSER,164,175
161,Semitryptome,165,43,3,DDGAYVGVKK;VWDDGAYVGVK;EDEYGGFLSER,165,175
162,Semitryptome,166,13,2,DGAYVGVKK;DEYGGFLSER,166,175
163,Semitryptome,167,43,2,DDGAYVGVK;EYGGFLSER,167,175
164,Semitryptome,168,13,2,DGAYVGVKK;YGGFLSER,168,176
165,Semitryptome,169,2,1,QLTAFGSDDGTVWDD,169,183
166,Semitryptome,176,9,1,YVGQAQDGISAVK,176,188
167,Semitryptome,177,34,1,VGQAQDGISAVK,177,188
168,Semitryptome,178,13,2,GQAQDGISAVK;YVGQAQDGISAVK,178,190
169,Semitryptome,179,34,2,QAQDGISAVK;VGQAQDGISAVK,179,190
170,Semitryptome,180,13,1,GQAQDGISAVK,180,190
171,Semitryptome,181,14,2,QAQDGISAVK;REYADFVFQEYGGK,181,194
172,Semitryptome,183,5,2,KVYVGQAQD;YADFVFQEYGGK,183,194
173,Semitryptome,184,4,1,ADFVFQEYGGK,184,194
174,Semitryptome,185,4,1,KVYVGQAQD,185,193
175,Semitryptome,186,7,1,KVYVGQAQDGIS,186,197
176,Semitryptome,187,5,1,VYVGQAQDGISA,187,198
177,Semitryptome,188,7,2,KVYVGQAQDGISAV;VYVGQAQDGIS,188,201
178,Semitryptome,189,5,1,KVYVGQAQDGISA,189,201
179,Semitryptome,190,3,2,VYDKSPEEVTGEEHGK;KVYVGQAQDGISAV,190,205
180,Semitryptome,191,9,1,YDKSPEEVTGEEHGK,191,205
181,Semitryptome,192,14,2,DKSPEEVTGEEHGK;VYDKSPEEVTGEEHGK,192,207
182,Semitryptome,193,16,2,KSPEEVTGEEHGK;YDKSPEEVTGEEHGK,193,207
183,Semitryptome,194,14,1,DKSPEEVTGEEHGK,194,207
184,Semitryptome,195,16,2,PEEVTGEEHGK;KSPEEVTGEEHGK,195,207
185,Semitryptome,197,2,1,PEEVTGEEHGK,197,207
186,Semitryptome,198,5,1,WITFNEPWVFSHAGYDVGK,198,216
187,Semitryptome,199,6,1,ITFNEPWVFSHAGYDVGK,199,216
188,Semitryptome,200,3,1,TFNEPWVFSHAGYDVGK,200,216
189,Semitryptome,201,5,2,FVYDKSPEEVTG;FNEPWVFSHAGYDVGK,201,216
190,Semitryptome,202,37,2,FVYDKSPEEVTGE;NEPWVFSHAGYDVGK,202,216
191,Semitryptome,203,17,3,FVYDKSPEEVTGEE;FVYDKSPEEVTG;VKHWITFN,203,216
192,Semitryptome,204,9,3,FVYDKSPEEVTGEEH;FVYDKSPEEVTGE;PWVFSHAGYDVGK,204,218
193,Semitryptome,205,14,3,FVYDKSPEEVTGEEHG;FVYDKSPEEVTGEE;WVFSHAGYDVGK,205,220
194,Semitryptome,206,36,2,SPEEVTGEEH;VFSHAGYDVGK,206,216
195,Semitryptome,207,5,2,SPEEVTGEEHG;FSHAGYDVGK,207,217
196,Semitryptome,208,21,1,HWITFNEPWVF,208,218
197,Semitryptome,209,3,1,HWITFNEPWVFS,209,220
198,Semitryptome,210,38,1,HWITFNEPWVFSH,210,222
199,Semitryptome,214,4,1,HWITFNEPWVFSHAGYD,214,230
200,Semitryptome,217,12,1,VLDYPSEYITAVDGTYDK,217,234
201,Semitryptome,219,2,1,DYPSEYITAVDGTYDK,219,234
202,Semitryptome,220,9,1,YPSEYITAVDGTYDK,220,234
203,Semitryptome,221,9,1,PSEYITAVDGTYDK,221,234
204,Semitryptome,222,2,1,SEYITAVDGTYDK,222,234
205,Semitryptome,223,4,1,EYITAVDGTYDK,223,234
206,Semitryptome,224,2,1,YITAVDGTYDK,224,234
207,Semitryptome,225,13,1,ITAVDGTYDK,225,234
208,Semitryptome,234,5,1,FGSDGSVITMLR,234,245
209,Semitryptome,235,2,1,GSDGSVITMLR,235,245
210,Semitryptome,236,13,3,FGSDGSVITMLR;GYEAYLVTHNLLISHAEAVEAYR;SDGSVITMLR,236,258
211,Semitryptome,237,2,1,GSDGSVITMLR,237,247
212,Semitryptome,238,13,2,SDGSVITMLR;EAYLVTHNLLISHAEAVEAYR,238,258
213,Semitryptome,240,7,1,YLVTHNLLISHAEAVEAYRK,240,259
214,Semitryptome,241,64,1,LVTHNLLISHAEAVEAYR,241,258
215,Semitryptome,242,4,1,VTHNLLISHAEAVEAYR,242,258
216,Semitryptome,244,4,1,HNLLISHAEAVEAYR,244,258
217,Semitryptome,245,217,1,NLLISHAEAVEAYRK,245,259
218,Semitryptome,246,99,1,LLISHAEAVEAYRK,246,259
219,Semitryptome,247,7,1,SGYEAYLVTHNL,247,258
220,Semitryptome,248,34,1,ISHAEAVEAYRK,248,259
221,Semitryptome,249,3,1,SGYEAYLVTHNLLI,249,262
222,Semitryptome,250,5,1,HAEAVEAYR,250,258
223,Semitryptome,251,19,1,AEAVEAYR,251,258
224,Semitryptome,252,4,2,SGYEAYLVTHNLLISHA;TSPPFGLEAGTAFELKEEGHK,252,272
225,Semitryptome,254,32,1,TSPPFGLEAGTVFELKEEGHK,254,274
226,Semitryptome,255,9,1,SPPFGLEAGTVFELKEEGHK,255,274
227,Semitryptome,256,3,2,SGYEAYLVTHNLLISHAEAVE;PPFGLEAGTVFELKEEGHK,256,276
228,Semitryptome,257,10,2,SGYEAYLVTHNLLISHAEAVEA;GLEAGTAFELKEEGHK,257,278
229,Semitryptome,258,4,1,SGYEAYLVTHNLLISHAEAVEAY,258,280
230,Semitryptome,260,4,1,TNKQTSPPFGLE,260,271
231,Semitryptome,261,3,2,EAGTVFELKEEGHK;GTAFELKEEGHK,261,274
232,Semitryptome,262,4,2,TNKQTSPPFGLE;TAFELKEEGHK,262,273
233,Semitryptome,267,2,1,KIGIAHSPAWFEAHDLADSQDGASIDR,267,293
234,Semitryptome,269,2,1,GIAHSPAWFEAHDLADSQDGASIDR,269,293
235,Semitryptome,270,4,1,IAHSPAWFEAHDLADSQDGASIDR,270,293
236,Semitryptome,271,3,1,AHSPAWFEAHDLADSQDGASIDR,271,293
237,Semitryptome,273,141,1,SPAWFEAHDLADSQDGASIDR,273,293
238,Semitryptome,274,4,1,PAWFEAHDLADSQDGASIDR,274,293
239,Semitryptome,276,23,1,WFEAHDLADSQDGASIDR,276,293
240,Semitryptome,277,17,1,IGIAHSPAW,277,285
241,Semitryptome,278,22,1,EAHDLADSQDGASIDR,278,293
242,Semitryptome,279,26,1,IGIAHSPAWFE,279,289
243,Semitryptome,280,2,1,HDLADSQDGASIDR,280,293
244,Semitryptome,281,88,1,DLADSQDGASIDR,281,293
245,Semitryptome,282,49,1,IGIAHSPAWFEAHD,282,295
246,Semitryptome,283,20,1,ADSQDGASIDR,283,293
247,Semitryptome,284,49,1,DSQDGASIDR,284,293
248,Semitryptome,285,32,1,IGIAHSPAWFEAHDLAD,285,301
249,Semitryptome,286,4,1,IGIAHSPAWFEAHDLADS,286,303
250,Semitryptome,287,7,1,IGIAHSPAWFEAHDLADSQ,287,305
251,Semitryptome,288,29,1,IGIAHSPAWFEAHDLADSQD,288,307
252,Semitryptome,289,10,1,IGIAHSPAWFEAHDLADSQDG,289,309
253,Semitryptome,290,9,2,IGIAHSPAWFEAHDLADSQDGA;GVHVRPLSN,290,311
254,Semitryptome,291,3,1,IGIAHSPAWFEAHDLADSQDGAS,291,313
255,Semitryptome,293,18,1,IGIAHSPAWFEAHDLADSQDGASID,293,317
256,Semitryptome,297,2,1,IGIAHSPAWFEAHDLADSQDGASIDRALD,297,325
257,Semitryptome,301,5,1,WHLDTTTFGDYPQIMK,301,316
258,Semitryptome,302,90,1,HLDTTTFGDYPQIMK,302,316
259,Semitryptome,303,12,1,ALDFILGWH,303,311
260,Semitryptome,304,5,1,DTTTFGDYPQIMK,304,316
261,Semitryptome,305,8,1,TTTFGDYPQIMK,305,316
262,Semitryptome,340,2,1,FVGLNYYTSVFSNHLEKPDPSK,340,361
263,Semitryptome,345,19,1,LKASTDFVGLN,345,355
264,Semitryptome,347,7,1,TSVFSNHLEK,347,356
265,Semitryptome,348,8,1,LKASTDFVGLNYYT,348,361
266,Semitryptome,349,6,1,ASTDFVGLNYYTS,349,361
267,Semitryptome,354,7,1,LKASTDFVGLNYYTSVFSNH,354,373
268,Semitryptome,355,2,1,LKASTDFVGLNYYTSVFSNHL,355,375
269,Semitryptome,356,10,1,LKASTDFVGLNYYTSVFSNHLE,356,377
270,Semitryptome,359,51,1,ASTDFVGLNYYTSVFSNHLEKPD,359,381
271,Semitryptome,365,20,1,MQDSLITWESK,365,375
272,Semitryptome,366,32,1,QDSLITWESK,366,375
273,Semitryptome,367,26,1,DSLITWESK,367,375
274,Semitryptome,377,54,1,AQNYAIGSKPLTAALNVYSR,377,396
275,Semitryptome,378,6,1,QNYAIGSKPLTAALNVYSR,378,396
276,Semitryptome,379,3,1,NYAIGSKPLTAALNVYSR,379,396
277,Semitryptome,380,20,1,YAIGSKPLTAALNVYSR,380,396
278,Semitryptome,381,25,1,AIGSKPLTAALNVYSR,381,396
279,Semitryptome,382,10,1,IGSKPLTAALNVYSR,382,396
280,Semitryptome,384,24,1,SKPLTAALNVYSR,384,396
281,Semitryptome,387,11,1,NAQNYAIGSKP,387,397
282,Semitryptome,388,38,1,NAQNYAIGSKPL,388,399
283,Semitryptome,389,46,1,NAQNYAIGSKPLT,389,401
284,Semitryptome,390,14,1,NAQNYAIGSKPLTA,390,403
285,Semitryptome,391,7,1,NAQNYAIGSKPLTAA,391,405
286,Semitryptome,392,3,1,NAQNYAIGSKPLTAAL,392,407
287,Semitryptome,393,18,1,NAQNYAIGSKPLTAALN,393,409
288,Semitryptome,395,56,1,NAQNYAIGSKPLTAALNVY,395,413
289,Semitryptome,396,3,1,NAQNYAIGSKPLTAALNVYS,396,415
290,Semitryptome,416,47,1,DKYANPEIM,416,424
291,Semitryptome,418,24,1,DKYANPEIMIM,418,428
292,Semitryptome,419,2,1,NGYGEELGASDSVAVGTADHNR,419,440
293,Semitryptome,420,37,1,GYGEELGASDSVAVGTADHNRK,420,441
294,Semitryptome,421,3,1,YGEELGASDSVAVGTADHNR,421,440
295,Semitryptome,422,6,1,GEELGASDSVAVGTADHNR,422,440
296,Semitryptome,423,2,1,EELGASDSVAVGTADHNR,423,440
297,Semitryptome,424,6,1,ELGASDSVAVGTADHNRK,424,441
298,Semitryptome,425,7,1,LGASDSVAVGTADHNRK,425,441
299,Semitryptome,426,7,1,GASDSVAVGTADHNR,426,440
300,Semitryptome,427,11,1,ASDSVAVGTADHNRK,427,441
301,Semitryptome,428,4,1,SDSVAVGTADHNR,428,440
302,Semitryptome,429,5,1,DSVAVGTADHNR,429,440
303,Semitryptome,430,27,1,SVAVGTADHNR,430,440
304,Semitryptome,448,2,1,LLSMQEAVCIDK,448,459
305,Semitryptome,450,8,1,SMQEAVCIDK,450,459
306,Semitryptome,451,6,1,MQEAVCIDK,451,459
307,Semitryptome,456,2,1,HLLSMQEAV,456,464
308,Semitryptome,469,37,1,SLLDNFEWQDGYKNR,469,483
309,Semitryptome,470,10,1,LLDNFEWQDGYK,470,481
310,Semitryptome,471,3,1,LDNFEWQDGYK,471,481
311,Semitryptome,472,11,1,DNFEWQDGYK,472,481
312,Semitryptome,473,3,1,NFEWQDGYK,473,481
313,Semitryptome,494,3,1,FGLYYVDFKN,494,503
314,Semitryptome,510,5,1,LSQGVRPSALK,510,520
315,Semitryptome,513,8,1,YYKDFLSQ,513,520
316,Semitryptome,517,9,1,DFLSQGVRP,517,525
317,Semitryptome,518,77,1,DFLSQGVRPS,518,527
318,Semitryptome,519,36,1,DFLSQGVRPSA,519,529
319,Semitryptome,520,75,1,DFLSQGVRPSAL,520,531
